first_name,middle_name,last_name,county,address_1,address_2,city,state,zip_code,zip_plus_four
DANIELLE,,BARBARA,MULTNOMAH,1631 NE BROADWAY PMB 437,,PORTLAND,OR,97232,1425
SUSAN,,JONATHAN,MULTNOMAH,PO BOX 12041,,PORTLAND,OR,97212,0041
ALEXANDER,,TRAVIS,MULTNOMAH,31 NW 22ND PL 29,,PORTLAND,OR,97210,
JUSTIN,,DIANE,MULTNOMAH,2235 W BURNSIDE ST 306,,PORTLAND,OR,97210,3521
SHARA,,THOMAS,MULTNOMAH,777 NW 19TH AVE A407,,PORTLAND,OR,97209,1390
HELEN,,BRANDON,MULTNOMAH,818 SW 3RD AVE PMB 76,,PORTLAND,OR,97204,
RAY,,MICHAEL,MULTNOMAH,1111 SW 2ND AVE RM 1526,,PORTLAND,OR,97204,
MARSHALL,,DENNIS,MULTNOMAH,PO BOX 29035,,PORTLAND,OR,97229,
MAUREEN,,LARRY,MULTNOMAH,2445 NW WESTOVER RD 403,,PORTLAND,OR,97210,
MARLIN,,MOISES,MULTNOMAH,25 NW 23RD PL  STE 6 PMB 265,,PORTLAND,OR,97210,
GARY,,IRIS,MULTNOMAH,818 SW 3RD AVE PMB 55,,PORTLAND,OR,97204,
MICHAEL,,STEPHANIE,MULTNOMAH,838 SW 1ST AVE APT 300,,PORTLAND,OR,97204,3322
RYAN,,AMY,MULTNOMAH,2260 NW EVERETT ST 7,,PORTLAND,OR,97210,
DELFINO,,ELIZABETH,MULTNOMAH,2365 NW IRVING ST 8,,PORTLAND,OR,97210,
BARBARA,,KURT,MULTNOMAH,25 NW 23RD PLACE ,SUITE 6 PMB 436,PORTLAND,OR,97210,
DEBBIE,,DANIEL,MULTNOMAH,1024 SE MORRISON,,PORTLAND,OR,97214,
LYNDELLE,,KITTY,MULTNOMAH,2041 NW EVERETT ST 609,,PORTLAND,OR,97209,
EDWIN,,ROSALIND,MULTNOMAH,31 NW 22ND PL 21,,PORTLAND,OR,97210,
DAVID,,DAVID,MULTNOMAH,1912 SW 6TH AVENUE 1118,,PORTLAND,OR,97201,
JUDY,,ADRIEL,MULTNOMAH,627 NW 18TH AVE BLDG 627,,PORTLAND,OR,97209,
BRIAN,,RICHARD,MULTNOMAH,808 NW 19TH AVE B307,,PORTLAND,OR,97209,1476
SCOTT,,HAROLD,MULTNOMAH,1962 NW EVERETT ST 4,,PORTLAND,OR,97209,1919
AIMERANCE,,BETH,MULTNOMAH,627 NW 18TH AVE BOX H12,,PORTLAND,OR,97209,
GLENN,,KAYLIE,MULTNOMAH,25 NW 23RD PL STE 6 PMB 333,,PORTLAND,OR,97210,
MARIE,,ANNA,MULTNOMAH,650 NW IRVING ST,,PORTLAND,OR,97209,
ANTHONY,,EVERETT,MULTNOMAH,PMB 430,25 NW 23RD PL SUITE 6,PORTLAND,OR,97210,
MELVIN,,JEFFREY,MULTNOMAH,627 NW 18TH AVE W4,,PORTLAND,OR,97209,
WILLIAM,,SUNSHINE,MULTNOMAH,627 NW 18TH AVE P8,,PORTLAND,OR,97209,
ANNETTE,,HALEY,MULTNOMAH,2445 NW WESTOVER RD 406,,PORTLAND,OR,97210,
JENNIFER,,KATIE,MULTNOMAH,2445 NW WESTOVER RD 418,,PORTLAND,OR,97210,
ALEXANDRA,,DANIELLE,MULTNOMAH,2268 NW HOYT ST LOWER,,PORTLAND,OR,97210,
BRITTANY,,TERRELL,MULTNOMAH,422 NW 13TH AVE APT 822,,PORTLAND,OR,97209,
MICHAEL,,KRISTEN,MULTNOMAH,31 NW 22ND PL 24,,PORTLAND,OR,97210,
EVAN,,ERIC,MULTNOMAH,627 NW 18TH AVE  B-53,,PORTLAND,OR,97209,2221
KAREN,,WILLIAM,MULTNOMAH,9428 SW 51ST AVE,,PORTLAND,OR,97219,5104
KIRK,,JOHN,MULTNOMAH,35 NW 20TH PL,,PORTLAND,OR,97209,
CLINTON,,SCOTT,MULTNOMAH,2445 NW WESTOVER RD 406,,PORTLAND,OR,97210,
VICTOR,,NICK,MULTNOMAH,1957 W BURNSIDE ST PMB 1926,,PORTLAND,OR,97209,
PAUL,,RACHEL,MULTNOMAH,627 NW 18TH AVE APT N8,,PORTLAND,OR,97209,2221
FILIBERTO,,STEPHANIE,MULTNOMAH,2148 NW FLANDERS ST,,PORTLAND,OR,97210,
DAVID,,JOY,MULTNOMAH,111 W BURNSIDE ST,,PORTLAND,OR,97209,
CHOI,,ANDREW,MULTNOMAH,25 NW 23RD PL PMB 294,,PORTLAND,OR,97210,
LEONARD,,ERNEST,MULTNOMAH,1535 NE 86TH AVE,,PORTLAND,OR,97220,
LOYAL,,STEPHEN,MULTNOMAH,325 NW 18TH AVE 208,,PORTLAND,OR,97209,
GRETCHEN,,STEVEN,MULTNOMAH,335 NW 19TH AVE 1210,,PORTLAND,OR,97209,
MICHAEL,,CHRISTINE,MULTNOMAH,25 NW 23RD PL,,PORTLAND,OR,97210,5580
PENELOPE,,JENNIFER,MULTNOMAH,2445 NW WESTOVER RD 214,,PORTLAND,OR,97210,
CHEYLANE,,GREGORY,MULTNOMAH,5826 N INTERSTATE AVE APT 406,,PORTLAND,OR,97217,
THOMAS,,INGRID,MULTNOMAH,2041 NW EVERETT ST 502,,PORTLAND,OR,97209,
BENJAMIN,,TANNER,MULTNOMAH,BOX  W30,627 NW 18TH AVE,PORTLAND,OR,97209,
DORIAN,,MELANIE,MULTNOMAH,PO BOX 13003,,PORTLAND,OR,97213,
NATHAN,,STEVEN,MULTNOMAH,818 SW 3RD AVE BOX 1401,,PORTLAND,OR,97204,
LOUIS,,JAMES,MULTNOMAH,625 SW BROADWAY STE 200,,PORTLAND,OR,97205,
LAURIE,,NGHIA,MULTNOMAH,25 NW 23RD PL STE 6 PMB 279,,PORTLAND,OR,97210,
STANLEY,,DAVID,MULTNOMAH,1040 SE MORRISON ST,,PORTLAND,OR,97214,
DAVID,,SARAH,MULTNOMAH,388 NW 6TH AVE,,PORTLAND,OR,97209,
DANA,,THOMAS,MULTNOMAH,818 SW 3RD AVE 221-1809,,PORTLAND,OR,97204,
BRIAN,,RY,MULTNOMAH,1040 SE MORRISON ST,,PORTLAND,OR,97204,
JUDITH,,SUSAN,MULTNOMAH,1019 SW 10TH AVE 205,,PORTLAND,OR,97205,
TERESA,,KEVIN,MULTNOMAH,650 NW IRVING,BUD CLARK COMMONS-APTS AT 655 NW HOYT,PORTLAND,OR,97209,
ALAN,,JOSEPH,MULTNOMAH,1040 SE MORRISON ST,,PORTLAND,OR,97214,
ANNA,,CLAYTON,MULTNOMAH,2211 SW PARK PL 402,,PORTLAND,OR,97205,
CYNTHIA,,RENE,MULTNOMAH,1604 SW CLAY ST 000,,PORTLAND,OR,97201,
GILLIAN,,KIRBY,MULTNOMAH,515 NW SALTZMAN RD 684,,PORTLAND,OR,97229,
AARON,,JESSE,MULTNOMAH,422 NW 13TH AVE  201,,PORTLAND,OR,97209,2930
VISHAL,,MITCHELL,MULTNOMAH,1132 SW 13TH AVE,,PORTLAND,OR,97205,
DANIEL,,HILARY,MULTNOMAH,650 NW IRVING ST,,PORTLAND,OR,97209,1272
KENNAN,,EVANS,MULTNOMAH,2000 NE 42ND AVE STE D PMB 214,,PORTLAND,OR,97213,
ROBERT,,AMMAR,MULTNOMAH,22 SW HAMILTON CT,,PORTLAND,OR,97239,
WALEESKA,,ALIX,MULTNOMAH,650 NW IRVING ST,,PORTLAND,OR,97209,
SEAN,,VICTORIA,MULTNOMAH,655 NW HOYT ST,,PORTLAND,OR,97209,
PATRICIA,,MOE,MULTNOMAH,665 NW HOYT ST,,PORTLAND,OR,97209,
BRYAN,,DUANE,MULTNOMAH,650 NW IRVING ST,,PORTLAND,OR,97209,
VALERIE,,HARRIET,MULTNOMAH,1040 SE MORRISON ST,,PORTLAND,OR,97214,
SUSAN,,BRENNAN,MULTNOMAH,1604 SW CLAY ST 12208846,,PORTLAND,OR,97201,
STEVEN,,STEVEN,MULTNOMAH,650 NW IRVING ST,,PORTLAND,OR,97209,
MADISON,,RALEIGH,MULTNOMAH,1040 SE MORRISON ST,,PORTLAND,OR,97214,2495
ARTHUR,,JONAS,MULTNOMAH,4095 NW COLUMBIA AVE,,PORTLAND,OR,97229,
MOIRA,,CHEYENNE,MULTNOMAH,655 NW HOYT ST 607,,PORTLAND,OR,97209,
ALIX,,SUNIL,MULTNOMAH,338 NW 6TH AVE,,PORTLAND,OR,97209,
MICHAEL,,JORIE,MULTNOMAH,1819 SW 5TH AVE UNIT 199,,PORTLAND,OR,97201,
REENA,,MICHELLE,MULTNOMAH,1132 SW 13TH AVE,,PORTLAND,OR,97205,
CLIFFORD,,MICHELLE,MULTNOMAH,50 SE 13TH AVENUE APT 107,,PORTLAND,OR,97214,
KATHERINE,,THOMAS,MULTNOMAH,1329 SW 14TH AVE 306,,PORTLAND,OR,97201,
MARILYN,,SHIRLEY,MULTNOMAH,1019 SW 10TH AVE 402,,PORTLAND,OR,97205,
JOHNNY,,JASON,MULTNOMAH,3714 NE CLEVELAND ST,,PORTLAND,OR,97212,
JASON,,JESSIE,MULTNOMAH,901 SW KING AVE 512,,PORTLAND,OR,97205,
CHRISTINA,,DYLAN,MULTNOMAH,1040 SE MORRISON ST,,PORTLAND,OR,97214,
MICHAEL,,MARIE,MULTNOMAH,111 W BURNSIDE ST,,PORTLAND,OR,97209,4007
JEFFREY,,STEPHANIE,MULTNOMAH,33 NW BROADWAY,,PORTLAND,OR,97209,
RYAN,,MIKE,MULTNOMAH,818 SW 3RD AVE PMB 221 1809,,PORTLAND,OR,97204,
MARTY,,YOUNG,MULTNOMAH,650 NW IRVING ST,,PORTLAND,OR,97209,
ZETTA,,CHRISTOPHER,MULTNOMAH,1430 SW BROADWAY STE 200,,PORTLAND,OR,97201,
DENISE,,GIOVANNI,MULTNOMAH,16141 E BURNSIDE ST,,PORTLAND,OR,97233,
CYNTHIA,,ROBERTA,MULTNOMAH,8316 N LOMBARD ST  405,,PORTLAND,OR,97203,3727
SHIRLEY,,KOUROSH,MULTNOMAH,6663 SW BEAVERTON HILLSDALE HWY #143,,PORTLAND,OR,97225,
REUEL,,KELLY,MULTNOMAH,12807 SE COOPER ST,,PORTLAND,OR,97236,
EARL,,TYSEN,MULTNOMAH,1040 SE MORRISON ST,,PORTLAND,OR,97214,
KEVIN,,SEAN,MULTNOMAH,1955 SE LOCUST AVE,,PORTLAND,OR,97214,
SUZIE,,ANNE,MULTNOMAH,310 NW FLANDERS ST,,PORTLAND,OR,97209,3941
PAUL,,MARK,MULTNOMAH,127 SW BROADWAY 0000,,PORTLAND,OR,97205,
BARBARA,,BONNIE,MULTNOMAH,1132 SW 13TH AVE,,PORTLAND,OR,97205,
GABRIELA,,STEVEN,MULTNOMAH,1631 NE BROADWAY ST PMB 312,,PORTLAND,OR,97232,
NICK,,JOHN,MULTNOMAH,5102 SW SCHOLLS FERRY RD APT F102,,PORTLAND,OR,97225,
ELGIN,,LAUREN,MULTNOMAH,1000 SW VISTA AVE 814,,PORTLAND,OR,97205,
ROBERT,,LYDIA,MULTNOMAH,2400 SW PARK PL REAR,,PORTLAND,OR,97205,
CHRISTIAN,,ALFRETA,MULTNOMAH,1037 NW 20TH AVE APT 107,,PORTLAND,OR,97209,
VISHAL,,DEBRA,MULTNOMAH,309 SW 4TH AVE APT 316,,PORTLAND,OR,97204,2300
NISSA,,ZOE,MULTNOMAH,650 NW IRVING ST,,PORTLAND,OR,97209,
MICHELLE,,GRETCHEN,MULTNOMAH,5355 SE BYBEE BLVD,,PORTLAND,OR,97206,
Q,,GEORGE,MULTNOMAH,11824 NE AINSWORTH CIR STE B,,PORTLAND,OR,97220,
DAVID,,MURILLO,MULTNOMAH,1040 SE MORRISON ST,,PORTLAND,OR,97203,
JAMES,,LINDA,MULTNOMAH,8832 N SYRACUSE ST APT 612,,PORTLAND,OR,97203,
JOSHUA,,JOANNE,MULTNOMAH,1327 SE TACOMA ST APT 205,,PORTLAND,OR,97202,6639
CHRISTINA,,LISA,MULTNOMAH,309 SW 4TH AVE APT 209,,PORTLAND,OR,97204,2319
SANTO,,RONALD,MULTNOMAH,5028 NE 13TH AVE,,PORTLAND,OR,97211,
NICHOLAS,,SHANDEEN,MULTNOMAH,1040  SE MORRISON ST,,PORTLAND,OR,97214,
LARRY,,BEAU,MULTNOMAH,650 NW IRVING ST,,PORTLAND,OR,97209,
JULIE,,ALYSE,MULTNOMAH,650 NW IRVING ST,,PORTLAND,OR,97209,
GINGER,,DONNA,MULTNOMAH,650 NW IRVING ST,,PORTLAND,OR,97209,1272
GINGER,,ROBERT,MULTNOMAH,515 NW SALTZMAN RD  684,,PORTLAND,OR,97229,
ANTHONY,,TERESA,MULTNOMAH,111 W BURNSIDE ST,,PORTLAND,OR,97209,
MELANIE,,NADIYAO,MULTNOMAH,338 NW 6TH AVE,,PORTLAND,OR,97209,3611
ELLEN,,JON,MULTNOMAH,650 NW IRVING ST,,PORTLAND,OR,97209,1272
JUSTIN,,MARY,MULTNOMAH,650 NW IRVING ST,,PORTLAND,OR,97209,
KATHERINE,,JOSEPH,MULTNOMAH,627 NW 18TH AVE,,PORTLAND,OR,97209,2221
ERIN,,TARA,MULTNOMAH,1132 SW 13TH AVE,,PORTLAND,OR,97205,1703
TIMOTHY,,MARIE,MULTNOMAH,1430 SW BROADWAY STE 200,,PORTLAND,OR,97201,3517
AMY,,GENEVIEVE,MULTNOMAH,122 SW 1ST AVE L5,,PORTLAND,OR,97204,
RICHARD,,DYLAN,MULTNOMAH,8694 N COLUMBIA BLVD APT 102,,PORTLAND,OR,97203,
CLINTON,,DAYLE,MULTNOMAH,650 IRVING ST,,PORTLAND,OR,97209,
TERRY,,VINCENT,MULTNOMAH,2000 NE 4ND AVE BOX 343,,PORTLAND,OR,97213,
JOHN,,ROBERT,MULTNOMAH,650 NW IRVING ST,,PORTLAND,OR,97209,1272
JAMES,,PEKKA,MULTNOMAH,1040 SE MORRISON ST,,PORTLAND,OR,97214,
ERIEL,,ZOE,MULTNOMAH,1132 SW 19TH AVE 612,,PORTLAND,OR,97205,
PAMELA,,MATTHEW,MULTNOMAH,1650 NW NAITO PKWY STE 250,,PORTLAND,OR,97209,
ROSE,,JEAN,MULTNOMAH,650 NW IRVING ST,,PORTLAND,OR,97209,
CLAY,,KATHERINE,MULTNOMAH,1132 SW 13TH AVE,,PORTLAND,OR,97205,1703
ARDIJANA,,GABRIEL,MULTNOMAH,1040 SE MORRISON ST,,PORTLAND,OR,97209,
CAROLYN,,SANDRA,MULTNOMAH,1429 SW 14TH AVE 511,,PORTLAND,OR,97201,
AMY,,LINDA,MULTNOMAH,1630 SW CLAY ST #,,PORTLAND,OR,97201,
CONSTANCE,,SANDRA,MULTNOMAH,1040 SE MORRISON ST,,PORTLAND,OR,97214,
ERNEST,,DAVID,MULTNOMAH,33 NW BROADWAY,,PORTLAND,OR,97209,
ALEX,,ARDYTH,MULTNOMAH,33 NW BROADWAY,,PORTLAND,OR,97209,
MICHAEL,,ROBERT,MULTNOMAH,650 NW IRVING ST,,PORTLAND,OR,97209,
JEFFREY,,FRANK,MULTNOMAH,650 NW IRVING ST,,PORTLAND,OR,97209,
AARON,,ALEXANDRA,MULTNOMAH,309 SW 4TH AVE APT 222,,PORTLAND,OR,97204,2319
PATRICK,,AMALIA,MULTNOMAH,650 NW IRVING ST,,PORTLAND,OR,97209,
LEEANN,,JOHN,MULTNOMAH,650 NW IRVING ST,,PORTLAND,OR,97209,
EDWARD,,KENNETH,MULTNOMAH,1132 SW 13TH AVE,,PORTLAND,OR,97205,1703
JAMES,,JOSEPH,MULTNOMAH,33 NW BROADWAY,,PORTLAND,OR,97209,3580
JASON,,JAMIE,MULTNOMAH,818 SW 3RD AVE PMB 521,,PORTLAND,OR,97204,
TASHA,,JAMES,MULTNOMAH,650 NW IRVING ST,,PORTLAND,OR,97209,
JOHN,,ROGER,MULTNOMAH,1040 SE MORRISON ST,,PORTLAND,OR,97214,
FREDERICK,,NATALIE,MULTNOMAH,333 NW 6TH AVE 39,,PORTLAND,OR,97209,3610
SHEILA,,LEE,MULTNOMAH,17 SW 2ND AVE 308,,PORTLAND,OR,97204,
SHAONLEE,,BRENDA,MULTNOMAH,16946 NE HALSEY ST,,PORTLAND,OR,97230,
JAMILAH,,LARISSA,MULTNOMAH,650 NW IRVING ST,,PORTLAND,OR,97209,
HILARY,,DONALD,MULTNOMAH,310 NW FLANDERS ST 16,,PORTLAND,OR,97209,3941
ROBERT,,SARAH,MULTNOMAH,338 NW 6TH AVE,,PORTLAND,OR,97209,
YVONNE,,MURILLO,MULTNOMAH,13130 NW SKYLINE BLVD,,PORTLAND,OR,97231,
ROBERT,,AMELIA,MULTNOMAH,333 NW 4TH AVE 921,,PORTLAND,OR,97209,
JOSEPH,,ROY,MULTNOMAH,5331 SW MACADAM AVE 258-525,,PORTLAND,OR,97239,
DWAYNE,,MARIE,MULTNOMAH,650 NW IRVING ST,,PORTLAND,OR,97209,
JAMES,,SARAH,MULTNOMAH,811 NE 195TH AVE,,PORTLAND,OR,97230,
MATTHEW,,JEAN,MULTNOMAH,111 W BURNSIDE ST,,PORTLAND,OR,97209,
MICHAEL,,SEAN,MULTNOMAH,506 NW 5TH AVE 314,,PORTLAND,OR,97209,3710
PATRICIA,,JON,MULTNOMAH,110 N FAILING ST,,PORTLAND,OR,97227,1406
MAUREEN,,RODNEY,MULTNOMAH,133 NW 6TH AVE,,PORTLAND,OR,97209,
ROBERT,,GABRIELA,MULTNOMAH,11124 NE HALSEY ST PMB 470,,PORTLAND,OR,97220,
MATTHEW,,MELVIN,MULTNOMAH,532 NW EVERETT ST 401,,PORTLAND,OR,97209,
KAROL,,BRENNAN,MULTNOMAH,6320 NE HALSEY ST,,PORTLAND,OR,97217,
WALTER,,BRETT,MULTNOMAH,650 NW IRVING ST,,PORTLAND,OR,97209,
CORA,,ANDREW,MULTNOMAH,650 NW IRVING ST,,PORTLAND,OR,97209,
EVA,,JOEL,MULTNOMAH,650 NW IRVING ST,,PORTLAND,OR,97209,
MARIA,,ELIJAH,MULTNOMAH,1708 SW COLUMBIA ST,,PORTLAND,OR,97201,
LINDSEY DANIELLE,,LILLIAN,MULTNOMAH,650 NW IRVING ST,,PORTLAND,OR,97209,
NICOLE,,LANDON,MULTNOMAH,25 NW 23RD PL STE 6 PMB 481,,PORTLAND,OR,97210,5580
DAVID,,HAROLD,MULTNOMAH,2318 NE MARTIN LUTHER KING BLVD,,PORTLAND,OR,97212,
CHRISTOPHER,,AMBER,MULTNOMAH,PO BOX 11977,,PORTLAND,OR,97211,
JAMES,,JOHN,MULTNOMAH,25 NW 23RD PL  STE6  PMB 337,,PORTLAND,OR,97210,
PHOEBE,,CHARLES,MULTNOMAH,650 NW IRVING ST,,PORTLAND,OR,97209,
DONALD,,AUGUST,MULTNOMAH,16124 SE ALDER ST APT 25B,,PORTLAND,OR,97233,3274
DUANE,,LAURA,MULTNOMAH,650 NW IRVING,,PORTLAND,OR,97209,
THOMAS,,ROBERT,MULTNOMAH,314 SW 9TH AVE,,PORTLAND,OR,97205,
CHRISTOPHER,,KAREN,MULTNOMAH,2217 NE 11TH AVE,,PORTLAND,OR,97212,
KIAVASH,,DAVID,MULTNOMAH,1053 SE SHERMAN ST,,PORTLAND,OR,97214,
MERLE,,NANCY,MULTNOMAH,211 NW DAVIS ST,,PORTLAND,OR,97209,
MARILYN,,TOBIN,MULTNOMAH,1731 W BURNSIDE ST 30,,PORTLAND,OR,97209,2113
MATTAUS,,LINDA,MULTNOMAH,25 NW 23 PL STE 6 PMB 481,,PORTLAND,OR,97210,5580
KELLY,,KRISTI,MULTNOMAH,1435 NE 81ST AVE STE 100,,PORTLAND,OR,97213,
ALFRETA,,JAMES,MULTNOMAH,4534 SE 17TH AVE #88,,PORTLAND,OR,97202,
KENNAN,,LOUISE,MULTNOMAH,727 W BURNSIDE ST,,PORTLAND,OR,97209,
AMBER,,SCOTT,MULTNOMAH,1132 SW 13TH AVE,,PORTLAND,OR,97205,
PATRICK,,CLARK,MULTNOMAH,1329 SW 14TH AVE 409,,PORTLAND,OR,97201,
ANDREW,,PETER,MULTNOMAH,1132 SW 13TH AVE,,PORTLAND,OR,97205,1703
JULIA,,LAUREN,MULTNOMAH,1441 SW CLAY ST 109,,PORTLAND,OR,97201,
KATHY,,AMANDA,MULTNOMAH,475 NW GLISAN ST,,PORTLAND,OR,97209,
CONSUELLA,,TYLER,MULTNOMAH,650 NW IRVING ST,,PORTLAND,OR,97209,1272
CLARISSA,,BRETT,MULTNOMAH,111 W BURNSIDE ST,,PORTLAND,OR,97209,
THOMAS,,ERIK,MULTNOMAH,650 NW IRVING ST,,PORTLAND,OR,97204,
LINDA,,AVERY,MULTNOMAH,1040 SE MORRISON ST,,PORTLAND,OR,97214,
BECKY,,DAVID,MULTNOMAH,605 NW IRVING ST,,PORTLAND,OR,97209,
JESSIE,,ASHLEY,MULTNOMAH,2921 NW NICOLAI ST,,PORTLAND,OR,97210,
DANICA,,SHERRIE,MULTNOMAH,314 SW 9TH AVE,,PORTLAND,OR,97205,2802
BRYAN,,KENT,MULTNOMAH,5855 NE 19TH AVE,,PORTLAND,OR,97211,
JESSE,,JAMES,MULTNOMAH,MSC 1450,0615 SW PALATINE HILL RD,PORTLAND,OR,97219,
THOMAS,,STEPHANIE,MULTNOMAH,1415 SW ALDER ST 209,,PORTLAND,OR,97205,
MOHAMMAD,,ARNOLDINE,MULTNOMAH,506 NW 5TH AVE 322,,PORTLAND,OR,97209,3710
LARRY,,CAROL,MULTNOMAH,650 NW IRVING ST,,PORTLAND,OR,97209,
ROBERT,,ERIKA,MULTNOMAH,1040 SE MORRISON ST,,PORTLAND,OR,97214,
MICHELLE,,MARY,MULTNOMAH,16 SW 3RD AVE 17,,PORTLAND,OR,97204,2721
S,,JENNIFER,MULTNOMAH,650 NW IRVING ST,,PORTLAND,OR,97209,1272
RICHARD,,ELIZABETH,MULTNOMAH,GENERAL DELIVERY,,PORTLAND,OR,97205,
MAKENNA,,CHRISTINA,MULTNOMAH,PMB 403 ,7327 SW BARNES RD,PORTLAND,OR,97225,6119
JAIRO,,BARBARA,MULTNOMAH,1040 SE MORRISON ST,,PORTLAND,OR,97214,
RICHARD,,JORDAN,MULTNOMAH,650 NW IRVING ST,,PORTLAND,OR,97209,1272
BETTY,,CATHERINE,MULTNOMAH,1132 SW 13TH AVE,,PORTLAND,OR,97205,1703
JOHN,,GREGORY,MULTNOMAH,650 NW IRVING ST,,PORTLAND,OR,97209,1272
AMY,,ROBERT,MULTNOMAH,16 SW 3RD AVE 19,,PORTLAND,OR,97204,2721
CALVIN,,HEIDI,MULTNOMAH,322 SW 11TH AVE 409,,PORTLAND,OR,97205,2601
STEPHEN,,KAY,MULTNOMAH,650 NW IRVING ST,,PORTLAND,OR,97209,
HARRIET,,ROBERTA,MULTNOMAH,111 W BURNSIDE ST,,PORTLAND,OR,97209,
ROSS,,BERNADETTE,MULTNOMAH,1040 SE MORRISON ST,,PORTLAND,OR,97214,
JESSIE,,CLINTON,MULTNOMAH,831 SW VISTA AVE 301,,PORTLAND,OR,97205,
CHELSEA,,JOHN,MULTNOMAH,14843 NW KYLE PLACE,,PORTLAND,OR,97229,
SIDNEY,,SEAN,MULTNOMAH,1717 W BURNSIDE ST 24,,PORTLAND,OR,97209,
JOAN,,FRED,MULTNOMAH,2020 SW SALMON ST 305,,PORTLAND,OR,97205,
RACHEL,,RAUL,MULTNOMAH,211 NW DAVIS ST,,PORTLAND,OR,97209,
BG,,LEO,MULTNOMAH,4233 N ALASKA ST APT 84,,PORTLAND,OR,97203,2052
JOSHUA,,ASHLEY,MULTNOMAH,650 NW IRVING ST,,PORTLAND,OR,97209,1272
LINDSEY,,JOHN,MULTNOMAH,1040 SE MORRISON ST,,PORTLAND,OR,97214,
ASHA,,JOSHUA,MULTNOMAH,33 NW BROADWAY,,PORTLAND,OR,97209,
BETTY,,MARK,MULTNOMAH,322 SW 11TH AVE 301B,,PORTLAND,OR,97205,
PATRICIA,,MAUREEN,MULTNOMAH,33 NW BROADWAY,,PORTLAND,OR,97209,3580
KAY,,DANIEL,MULTNOMAH,1132 SW 13TH AVE,,PORTLAND,OR,97205,
ALBERT,,JACOB,MULTNOMAH,1132 SW 13TH AVE,,PORTLAND,OR,97205,
ADRIENNE,,COLIN,MULTNOMAH,322 SW 11TH AVE 425,,PORTLAND,OR,97205,2601
CURTIS,,PHOEBE,MULTNOMAH,722 NW WESTOVER CIR,,PORTLAND,OR,97210,
WANTHANA,,ANNA,MULTNOMAH,314 SW 9TH AVE,,PORTLAND,OR,97205,2802
GREGORY,,WALEESKA,MULTNOMAH,727 W BURNSIDE ST,,PORTLAND,OR,97209,
JOHN,,JOHN,MULTNOMAH,627 NW 18TH BOX L-5,,PORTLAND,OR,97209,
BILLY,,THOMAS,MULTNOMAH,1000 SW VISTA AVE 1019,,PORTLAND,OR,97205,
AMANDA,,RICHARD,MULTNOMAH,506 NW 5TH AVE 318,,PORTLAND,OR,97209,3710
ANTON,,JEFFERY,MULTNOMAH,650 NW IRVING ST,,PORTLAND,OR,97209,
DENISE,,KATHLEEN,MULTNOMAH,11321 NE MORRIS ST,,PORTLAND,OR,97220,1716
LORI,,SAM,MULTNOMAH,16 SW 3RD AVE 5,,PORTLAND,OR,97204,2721
CHRISTOPHER,,MOLLY,MULTNOMAH,650 NW IRVING ST,,PORTLAND,OR,97209,
RONALD,,ROBERT,MULTNOMAH,650 NW IRVING ST,,PORTLAND,OR,97209,
FATEMEH,,ADRIENNE,MULTNOMAH,222 NW COUCH ST,,PORTLAND,OR,97209,3919
DANIEL,,BRENT,MULTNOMAH,727 W BURNSIDE ST,,PORTLAND,OR,97209,
DAISY,,FRED,MULTNOMAH,650 NW IRVING ST,,PORTLAND,OR,97209,
KATHERINE,,THELMA,MULTNOMAH,1815 N WILLIS BLVD,,PORTLAND,OR,97217,
KIMBERLY,,CHARLES,MULTNOMAH,PO BOX 28295,,PORTLAND,OR,97220,
MELODY,,CLARISSA,MULTNOMAH,650 NW IRVING ST,,PORTLAND,OR,97209,1272
CLARISSA,,BEVERLY,MULTNOMAH,506 NW 5TH AVE 316,,PORTLAND,OR,97209,3710
GARY,,ANGELINA,MULTNOMAH,2323 SW PARK PL 905,,PORTLAND,OR,97205,
MARY,,TYLER,MULTNOMAH,650 NW IRVING ST,,PORTLAND,OR,97209,
KEVIN,,BENJAMIN,MULTNOMAH,1435 NE 81ST AVE,,PORTLAND,OR,97213,
KEVIN,,MELODY,MULTNOMAH,650 NW IRVING ST,,PORTLAND,OR,97209,
DOW,,STEPHEN,MULTNOMAH,333 NW 6TH AVE 45,,PORTLAND,OR,97209,3610
MARCIA,,ALLEN,MULTNOMAH,506 NW 5TH AVE 323,,PORTLAND,OR,97209,3710
QUILLAN,,KAITLIN,MULTNOMAH,650 NW IRVING ST,,PORTLAND,OR,97209,
JENNIFER,,ARDIJANA,MULTNOMAH,122 SW 1ST AVE 4,,PORTLAND,OR,97204,3531
DAVID,,ANTHONY,MULTNOMAH,650 NW IRVING ST,,PORTLAND,OR,97209,1272
MICHELLE,,RUDY,MULTNOMAH,PO BOX 3007,,PORTLAND,OR,97209,
SUNNY,,DOMINIQUE,MULTNOMAH,522 SW 13TH AVE,,PORTLAND,OR,97205,
STEVEN,,DANIEL,MULTNOMAH,650 NW IRVING ST,,PORTLAND,OR,97209,
MARK,,HARVEY,MULTNOMAH,314 SW 9TH AVE,,PORTLAND,OR,97205,
JOHN,,AMANDA,MULTNOMAH,111 W BURNSIDE ST,,PORTLAND,OR,97209,
CHRISTOPHER,,LEROY,MULTNOMAH,7327 SW BARNES RD PMB 403,,PORTLAND,OR,97225,6119
CHRISTOPHER,,BRITTANY,MULTNOMAH,650 NW IRVING ST,,PORTLAND,OR,97209,
RICHARD,,SHIRLEY,MULTNOMAH,627 NW 18TH AVE # J1,,PORTLAND,OR,97209,
VANESSA,,MICHAEL,MULTNOMAH,650 NW IRVING ST,,PORTLAND,OR,97209,
PERRY,,CHRISTOPHER,MULTNOMAH,436 SE 197TH SPACE 9,,PORTLAND,OR,97233,
JOSEPH,,ELISA,MULTNOMAH,665 NW HOYT ST,,PORTLAND,OR,97209,
CHARLOTTE,,P,MULTNOMAH,1435 NE 81ST AVE,,PORTLAND,OR,97213,
CHRISTOPHER,,TIMOTHY,MULTNOMAH,121 NW 6TH AVE,,PORTLAND,OR,97209,3608
MATTI,,JOOLS,MULTNOMAH,207 NW 3RD AVE,,PORTLAND,OR,97209,
CARL,,JASMIN,MULTNOMAH,3269 NE DEKUM ST,,PORTLAND,OR,97211,
KATHY,,MATTHEW,MULTNOMAH,730 SE 174TH AVE,,PORTLAND,OR,97233,
HADI,,CATHERINE,MULTNOMAH,1040 NW NAITO PKWY O-3,,PORTLAND,OR,97209,
HANNAH,,TATYANA,MULTNOMAH,901 NW NAITO PKWY 120,,PORTLAND,OR,97209,
CHRISTOPHER,,RANDY,MULTNOMAH,8888 NW SAINT HELENS RD,,PORTLAND,OR,97231,1123
APRIL,,ERIKA,MULTNOMAH,650 NW,,PORTLAND,OR,97209,
MARK,,LAUREN,MULTNOMAH,211 NW DAVIS ST,,PORTLAND,OR,97209,3922
TRACY,,BRENDA,MULTNOMAH,8511 SE INSLEY ST,,PORTLAND,OR,97266,
MARK,,JASON,MULTNOMAH,2941 NE AINSWORTH ST,,PORTLAND,OR,97211,
MARIE,,SCOUT,MULTNOMAH,506 NW 5TH AVE 306,,PORTLAND,OR,97209,
ROBERT,,FRED,MULTNOMAH,PO BOX 3007,,PORTLAND,OR,97205,
KAREEM,,ROBERTA,MULTNOMAH,2124 SW TAYLOR ST 6,,PORTLAND,OR,97205,
CINDY,,ALAN,MULTNOMAH,1025 SW 11TH AVE 5,,PORTLAND,OR,97205,
TOM,,SYLVIA,MULTNOMAH,333 NW 6TH AVE 9,,PORTLAND,OR,97209,3610
MAC,,MOIRA,MULTNOMAH,650 NW IRVING ST,,PORTLAND,OR,97209,
AMELIE,,GARY,MULTNOMAH,650 NW IRVING ST,,PORTLAND,OR,97209,
STEPHEN,,CONRAD,MULTNOMAH,650 NW IRVING ST,,PORTLAND,OR,97209,
BERNARD,,DEVIN,MULTNOMAH,650 NW IRVING ST,,PORTLAND,OR,97209,1272
RICHARD,,ANNE,MULTNOMAH,211 NW DAVIS ST,,PORTLAND,OR,97209,
JACOB,,DERRY,MULTNOMAH,1040 SE MORRISON ST,,PORTLAND,OR,97214,
CAMILLE,,CHRISTOPHER,MULTNOMAH,1040 SE MORRISON ST,,PORTLAND,OR,97214,
PAIGE,,ANDREW,MULTNOMAH,1218 SW WASHINGTON ST 511,,PORTLAND,OR,97205,
LOURDES,,JOHN,MULTNOMAH,650 NW IRVING ST,,PORTLAND,OR,97209,
MALCOLM,,ANTHONY,MULTNOMAH,1040 SE MORRISON ST,,PORTLAND,OR,97214,
FRANCIS GENE,,GEORGIA,MULTNOMAH,2061 NW HOYT ST,,PORTLAND,OR,97209,
CATRINA,,MELISSA,MULTNOMAH,650 NW IRVING ST,,PORTLAND,OR,97209,
CLAYTON,,KEVIN,MULTNOMAH,338 NW 6TH AVE,,PORTLAND,OR,97209,
AIMERANCE,,ALICIA,MULTNOMAH,221 NW 5TH AVE 527,,PORTLAND,OR,97209,
ALEXANDER,,JONATHAN,MULTNOMAH,111 SW BURNSIDE ST,,PORTLAND,OR,97209,
MERCEDES,,KURT,MULTNOMAH,MAXWELL HALL 46,919 SW 14TH AVE,PORTLAND,OR,97205,
MYRON,,ISABEL,MULTNOMAH,6312 SW CAPITOL HWY PMB 278,,PORTLAND,OR,97239,
TIMOTHY,,ESTHER,MULTNOMAH,222 SW PINE ST 409,,PORTLAND,OR,97204,
LAUREN,,KENNETH,MULTNOMAH,901 SW KING AVE 1004,,PORTLAND,OR,97205,
KATHLEEN,,WILLIAM,MULTNOMAH,1337 SW WASHINGTON ST 22,,PORTLAND,OR,97205,
FRANCIS,,MICHAEL,MULTNOMAH,309 SW 4TH AVE 302,,PORTLAND,OR,97204,
SARAH,,BENJAMIN,MULTNOMAH,1132 SW 13TH AVE,,PORTLAND,OR,97205,1703
BONNIE,,FRED,MULTNOMAH,333 SW OAK ST 910,,PORTLAND,OR,97204,
KEVIN,,BRYAN,MULTNOMAH,1631 SW YAMHILL ST 307,,PORTLAND,OR,97205,
BARBARA,,KATHERINE,MULTNOMAH,523 SW 13TH AVE,,PORTLAND,OR,97205,
JIAN,,MATTHEW,MULTNOMAH,25 NW 23RD PL STE 6 PMB 500,,PORTLAND,OR,97210,
MATTI,,ROBERT,MULTNOMAH,8503 SE MILL ST,,PORTLAND,OR,97216,
ZETTA,,SUSAN,MULTNOMAH,650 NW IRVING ST,,PORTLAND,OR,97209,
CHARLES,,PHOEBE,MULTNOMAH,901 SW KING AVE 912,,PORTLAND,OR,97205,
HONOR,,MARILYN,MULTNOMAH,627 NW 18TH AVE  P5,,PORTLAND,OR,97209,2221
STEPHEN,,PERRY,MULTNOMAH,650 NW IRVING ST,,PORTLAND,OR,97209,1272
ELIZABETH,,RAY,MULTNOMAH,475 NW GLISAN ST,,PORTLAND,OR,97209,
MAUREEN,,PETER,MULTNOMAH,3601 NE 162ND AVE APT 63,,PORTLAND,OR,97230,
TRICIA,,ROD,MULTNOMAH,0615 SW PALATINE HILL RD,,PORTLAND,OR,97219,7879
CHERI,,JASMIN,MULTNOMAH,523 NW EVERETT ST,,PORTLAND,OR,97209,
MICHAEL,,WILLIAM,MULTNOMAH,310 NW FLANDERS ST,,PORTLAND,OR,97209,
TERENCE,,SVEN,MULTNOMAH,25 NW 23RD PL STE 6,,PORTLAND,OR,97210,
LORI,,SCOTT,MULTNOMAH,475 NW GLISAN ST,,PORTLAND,OR,97209,
RICHARD,,RENEE,MULTNOMAH,1509 SW HALL ST,,PORTLAND,OR,97201,
WILLIAM,,ROBERTA,MULTNOMAH,650 NW IRVING ST,,PORTLAND,OR,97209,
KRISTI,,SAI,MULTNOMAH,33 NW BROADWAY,,PORTLAND,OR,97209,
ALAINA,,MICHAEL JON,MULTNOMAH,901 SW KING AVE 912,,PORTLAND,OR,97205,
HAROLD,,MICHAEL,MULTNOMAH,650 NW IRVING ST,,PORTLAND,OR,97209,1272
RUBEN,,THOMAS,MULTNOMAH,15356 SE STARK ST,,PORTLAND,OR,97233,
SUZANNE,,KENNETH,MULTNOMAH,650 NW IRVING ST,,PORTLAND,OR,97209,1272
AARON,,JOSE,MULTNOMAH,650 NW IRVING ST,,PORTLAND,OR,97209,
GINGER,,JEREMIAH,MULTNOMAH,11124 NE HALSEY ST APT 567,,PORTLAND,OR,97220,
JOSHUA,,VANESSA,MULTNOMAH,123 W BURNSIDE ST 214,,PORTLAND,OR,97209,
THOMAS,,MARY,MULTNOMAH,1132 SW 13TH AVE,,PORTLAND,OR,97205,
BERNICE,,MCKENZIE,MULTNOMAH,1435 NE 81ST AVE STE 100,,PORTLAND,OR,97213,
DANIEL,,CARMELITA,MULTNOMAH,650 NW IRVING ST,,PORTLAND,OR,97209,
GARY,,CHRISTINA,MULTNOMAH,650 NW IRVING ST,,PORTLAND,OR,97209,
MAUREEN,,ERIK,MULTNOMAH,650 NW IRVING ST,,PORTLAND,OR,97209,
ROBERT,,SHANNON,MULTNOMAH,310 NW 6TH AVE 212,,PORTLAND,OR,97209,
BRUCE,,STACEY,MULTNOMAH,1040 SE MORRISON ST,,PORTLAND,OR,97209,
BRAD,,TREVOR,MULTNOMAH,123 W BURNSIDE ST 000,,PORTLAND,OR,97209,4045
SAMUEL,,GARY,MULTNOMAH,1040 SE MORRISON ST,,PORTLAND,OR,97214,
DEBORAH,,NGHIA,MULTNOMAH,1040 SE MORRISON ST,,PORTLAND,OR,97214,
CHRISTOPHER,,SCOTT,MULTNOMAH,650 NW IRVING ST,,PORTLAND,OR,97209,1272
TYSEN,,BRANDON,MULTNOMAH,1040 SE MORRISON ST,,PORTLAND,OR,97214,
CRAIG,,TRICIA,MULTNOMAH,1926 W BURNSIDE ST 208,,PORTLAND,OR,97209,
MARIANA,,LOURDES,MULTNOMAH,1115 SW 11TH AVE,,PORTLAND,OR,97205,
DEBORAH,,ANNE,MULTNOMAH,1040 SE MORRISON ST,,PORTLAND,OR,97214,
BILLY,,RUBY,MULTNOMAH,338 NW 6TH AVE,,PORTLAND,OR,97209,
EDWARD,,DIANA,MULTNOMAH,6320 NE HALSEY ST,,PORTLAND,OR,97213,
JOY,,KAREN,MULTNOMAH,1430 SW BROADWAY STE 200,,PORTLAND,OR,97201,
STACI,,DAVID,MULTNOMAH,1040 SE MORRISON ST,,PORTLAND,OR,97214,
CRAIG,,BARBARA,MULTNOMAH,1111 NW 21ST AVE,,PORTLAND,OR,97209,
CRAIG,,ALBERT,MULTNOMAH,1000 SW VISTA AVE 610,,PORTLAND,OR,97205,
TIMOTHY,,LILIYA,MULTNOMAH,1040 SE MORRISON ST,,PORTLAND,OR,97214,
MICHAEL,,CHARLES,MULTNOMAH,727 W BURNSIDE ST,,PORTLAND,OR,97209,
GABRIEL,,STEPHANIE,MULTNOMAH,650 NW IRVING ST,,PORTLAND,OR,97209,
GLEN,,NICOLE,MULTNOMAH,650 NW IRVING ST,,PORTLAND,OR,97209,
MERLE,,STEPHANIE,MULTNOMAH,1415 NE SANDY BLVD,,PORTLAND,OR,97209,
CODY,,PAUL,MULTNOMAH,1410 NE WEIDLER ST APT 4,,PORTLAND,OR,97232,1473
JOSEPH,,LAURA,MULTNOMAH,650 NW IRVING,,PORTLAND,OR,97209,
AMANDA,,FREDERICK,MULTNOMAH,650 NW IRVING ST,,PORTLAND,OR,97209,
JOHNATHAN,,JONATHAN,MULTNOMAH,17940 E BURNSIDE ST,,PORTLAND,OR,97233,
LANDON,,KATHERINE,MULTNOMAH,1040 SE MORRISON ST,,PORTLAND,OR,97214,
CORRIE,,ROBERT,MULTNOMAH,818 SW ERD AVE PMB 388,,PORTLAND,OR,97204,
CLARISSA,,CHRISTOPHER,MULTNOMAH,650 NW IRVING ST,,PORTLAND,OR,97209,
MARK,,JEFFREY,MULTNOMAH,338 NW 6TH AVE,,PORTLAND,OR,97209,
KARL,,RACHEL,MULTNOMAH,111 W BURNSIDE ST,,PORTLAND,OR,97209,4007
CHERYL,,HEATHER,MULTNOMAH,621 SW MORRISON ST STE 800,,PORTLAND,OR,97205,
JOHN,,JOSHUA,MULTNOMAH,1040 SE MORRISON ST,,PORTLAND,OR,97214,
PATRICK,,KRISTEN,MULTNOMAH,1040 SE MORRISON ST,,PORTLAND,OR,97214,
ELIZABETH,,MICHAEL,MULTNOMAH,650 NW IRVING ST,,PORTLAND,OR,97209,
ANDREW,,SUSAN,MULTNOMAH,310 NW FLANDERS ST 301,,PORTLAND,OR,97209,3941
JUSTIN,,ROGER,MULTNOMAH,1825 NW VAUGHN ST STE A,,PORTLAND,OR,97209,
ANDREW,,LEE,MULTNOMAH,430 SW 13TH AVE 1901,,PORTLAND,OR,97205,
ROBERT,,RENE,MULTNOMAH,650 NW IRVING ST,,PORTLAND,OR,97209,1272
GUY,,JOSEPH,MULTNOMAH,11954 NE GLISAN ST. #206,,PORTLAND,OR,97220,
CHRIS,,SEDONA,MULTNOMAH,7833 SE LINCOLN ST,,PORTLAND,OR,97215,
SUZANNE,,ANGEL,MULTNOMAH,1040 SE MORRISON ST,,PORTLAND,OR,97214,
DUSTIN,,BRANDON,MULTNOMAH,4011 SW DAKOTA STREET,,PORTLAND,OR,97221,
SANDRA,,GABRIELA,MULTNOMAH,314 SW 9TH AVE,,PORTLAND,OR,97205,2802
ASHLEY,,JOAN,MULTNOMAH,1717 W BURNSIDE ST 42,,PORTLAND,OR,97209,
AMANDA,,HENRY,MULTNOMAH,650 NW IRVING ST,,PORTLAND,OR,97209,
JESSICA,,SYED,MULTNOMAH,1631 NE BROADWAY ST BOX 506,,PORTLAND,OR,97232,
ALEX,,CHARLES,MULTNOMAH,1040 SE MORRISON ST,,PORTLAND,OR,97214,
CHAN,,MOISES,MULTNOMAH,921 SW WASHINGTON ST # 708,,PORTLAND,OR,97205,2825
JORDAN,,JONAS,MULTNOMAH,1040 SE MORRISON ST,,PORTLAND,OR,97214,
MICHELLE,,MARGERY,MULTNOMAH,GENERAL DELIVERY,,PORTLAND,OR,97209,
JOSEPH,,MATTHEW,MULTNOMAH,111 W BURNSIDE ST,,PORTLAND,OR,97209,
ROGER,,ROSALIND,MULTNOMAH,1926 W BURNSIDE ST 310,,PORTLAND,OR,97209,
CHAN,,LARRY,MULTNOMAH,2211 SW PARK PL 1001,,PORTLAND,OR,97205,
GAVIN,,KATIE,MULTNOMAH,760 SW VISTA AVE 46,,PORTLAND,OR,97205,
DANIEL,,PAUL,MULTNOMAH,650 NW IRVING ST,,PORTLAND,OR,97209,1272
CARLOS,,JAMES,MULTNOMAH,665 NW HOYT ST,,PORTLAND,OR,97209,
ALBERTO,,LAURA,MULTNOMAH,308 SW 12TH AVE 311,,PORTLAND,OR,97205,
JUNE,,KAREN,MULTNOMAH,PMB 323,25 NW 23RD PL STE 6,PORTLAND,OR,97210,
LORI,,ROBERT,MULTNOMAH,1040 SE MORRISON ST,,PORTLAND,OR,97214,
FREDERICK,,BRIAN,MULTNOMAH,1430 SW BROADWAY,,PORTLAND,OR,97205,
COHEN,,JASON,MULTNOMAH,111 W BURNSIDE ST,,PORTLAND,OR,97209,
ALICE,,KRISTIN,MULTNOMAH,PO BOX 12250,,PORTLAND,OR,97212,
KATHY,,THOMAS,MULTNOMAH,204 SW 8TH AVE 509,,PORTLAND,OR,97205,
EDWIN,,JOSIAH,MULTNOMAH,422 NW 13TH AVE # 734,,PORTLAND,OR,97209,
KELLY,,ROSALENA,MULTNOMAH,1132 SW 13TH AVE,,PORTLAND,OR,97205,
MATTHEW,,MARTHA,MULTNOMAH,101 SW MAIN ST STE 1100,,PORTLAND,OR,97204,
JOSHUA,,AMIN,MULTNOMAH,1604 SW CLAY ST APT 14N,,PORTLAND,OR,97201,8030
CONSTANCE,,ELIZABETH,MULTNOMAH,727 W BURNSIDE ST,,PORTLAND,OR,97209,
CHRISTINE,,ROHAN,MULTNOMAH,1040 SE MORRISON ST,,PORTLAND,OR,97214,
JOSEPH,,ALISSA,MULTNOMAH,601 W BURNSIDE ST,,PORTLAND,OR,97209,3614
MELANIE,,DANIELLE,MULTNOMAH,1040 SE MORRISON ST,,PORTLAND,OR,97214,
SHARON,,RODRIGO,MULTNOMAH,3800 NE SANDY BLVD APT 219,,PORTLAND,OR,97232,
JUSTIN,,DOUGLAS,MULTNOMAH,5928 N BORTHWICK AVE,,PORTLAND,OR,97217,
AUDREY,,ANNA,MULTNOMAH,111 W BURNSIDE ST,,PORTLAND,OR,97209,
LISA JOY,,JERILYNNE,MULTNOMAH,650 NW IRVING ST,,PORTLAND,OR,97209,
CHRISTOPHER,,MURRAY,MULTNOMAH,831 SW VISTA AVE 203,,PORTLAND,OR,97205,
ALAN,,ERIN,MULTNOMAH,799 SE  181ST AVE,,PORTLAND,OR,97233,
AIDEN,,HOLLY,MULTNOMAH,1040 SE MORRISON ST,,PORTLAND,OR,97214,
GREGORY,,CHRISTOPHER,MULTNOMAH,1040 SE MORRISON ST,,PORTLAND,OR,97214,
DAVID,,NATHAN,MULTNOMAH,422 NW 13TH AVE UNIT 735,,PORTLAND,OR,97209,
MARY,,GREGORY,MULTNOMAH,818 SW 3RD AVE PMB 305,,PORTLAND,OR,97204,
DELORES,,CHRISTOPHER,MULTNOMAH,650 NW IRVING ST,,PORTLAND,OR,97209,
JAKE,,ALESSANDRO,MULTNOMAH,818 SW 3RD AVE  1165,,PORTLAND,OR,97204,2405
ERNEST,,JOHN,MULTNOMAH,800 SW VISTA AVE 1,,PORTLAND,OR,97205,
ALLISON,,WACEY,MULTNOMAH,650 NW IRVING ST,,PORTLAND,OR,97209,1272
MARIA,,CLIFTON,MULTNOMAH,17645 NW SAINT HELENS RD,,PORTLAND,OR,97231,
MARCUS,,MARK,MULTNOMAH,1819 SW 5TH AVE  145,,PORTLAND,OR,97201,5277
BECKY,,AMANDA,MULTNOMAH,111 W BURNSIDE ST,,PORTLAND,OR,97209,
BOBBY,,JOEL,MULTNOMAH,1040 SE MORRISON ST,,PORTLAND,OR,97214,
DONOVAN,,JAKE,MULTNOMAH,1435 NE 81ST AVE,,PORTLAND,OR,97213,
JONATHAN,,SHERRIE,MULTNOMAH,1019 SW MORRISON ST 3,,PORTLAND,OR,97205,2627
ROBERT,,BRADY,MULTNOMAH,727 W BURNSIDE ST,,PORTLAND,OR,97209,
NATHAN,,DENISE,MULTNOMAH,650 NW IRVING ST,,PORTLAND,OR,97209,
JESSICA,,EILEEN,MULTNOMAH,1040 SE MORRISON ST,,PORTLAND,OR,97214,
MICHAEL,,AUDREY,MULTNOMAH,465 NE 181ST AVE PMB 176,,PORTLAND,OR,97230,
HILARY,,NATHANIEL,MULTNOMAH,665 NW HOYT ST,,PORTLAND,OR,97209,
ANTHONY,,DANIEL,MULTNOMAH,650 NW IRVING ST,,PORTLAND,OR,97209,
RITA,,NADINE,MULTNOMAH,807 SW 14TH AVE 42,,PORTLAND,OR,97205,
MATTHEW,,RYAN,MULTNOMAH,1000 SW 3RD AVE STE 340,,PORTLAND,OR,97204,2933
ROBERT,,WILLIAM,MULTNOMAH,1132 SW 13TH AVE,,PORTLAND,OR,97205,1703
BARBARA,,ANRI,MULTNOMAH,650 NW IRVING ST,,PORTLAND,OR,97209,
PATRICIA,,MATTAUS,MULTNOMAH,111 W BURNSIDE ST,,PORTLAND,OR,97209,
STEVEN,,SHIRLEY,MULTNOMAH,4929 NE FREMONT ST,,PORTLAND,OR,97213,
CORWIN,,JOSHUA,MULTNOMAH,424 NE 72ND AVE,,PORTLAND,OR,97213,
DEBORAH,,RYAN,MULTNOMAH,1132 SW 13TH AVE,,PORTLAND,OR,97205,
DANNY,,RUBY,MULTNOMAH,634 NW FLANDERS ST # 114,,PORTLAND,OR,97209,
LISA,,PAUL,MULTNOMAH,221 NW 5TH AVE 420,,PORTLAND,OR,97209,
TAMARA,,MARY,MULTNOMAH,1040 SE MORRSION ST,,PORTLAND,OR,97214,
MURRAY,,MICHELLE,MULTNOMAH,475 NW GLISAN ST,,PORTLAND,OR,97209,
DAVID,,OLMAN,MULTNOMAH,921 SW 6TH #3033,,PORTLAND,OR,97204,
HANNAH,,BRYAN,MULTNOMAH,1731 W BURNSIDE ST 1,,PORTLAND,OR,97209,2113
JULIE,,JOHN,MULTNOMAH,1926 W BURNSIDE ST 1419,,PORTLAND,OR,97209,
NICOLE,,RUTH,MULTNOMAH,10333 NE SACRAMENTO ST,,PORTLAND,OR,97220,
MICHAEL,,RALEIGH,MULTNOMAH,650 NW IRVING ST,,PORTLAND,OR,97209,
WILLIAM,,BONNIE,MULTNOMAH,1717 W BURNSIDE ST 3,,PORTLAND,OR,97209,
ANDY,,ROBERT,MULTNOMAH,920 NW KEARNEY ST #223,C/O LOZON,PORTLAND,OR,97209,
LA RONZO,,SEAN,MULTNOMAH,2318 NE MLK BLVD,,PORTLAND,OR,97212,3715
SUZANNE,,RICHARD,MULTNOMAH,308 SW 12TH AVE 306,,PORTLAND,OR,97205,
KRISTI,,BRIDGETT,MULTNOMAH,211 NW DAVIS ST,,PORTLAND,OR,97209,
TERRY,,JON,MULTNOMAH,10336 NE WYGANT ST,,PORTLAND,OR,97220,
TRACY,,DARYL,MULTNOMAH,1218 SW WASHINGTON ST 208,,PORTLAND,OR,97205,
PATRICK,,JOHN,MULTNOMAH,3601 SW RIVER PKWY APT 1202,,PORTLAND,OR,97239,
KYLE,,DAVID,MULTNOMAH,111 W BURNSIDE ST,,PORTLAND,OR,97209,
KEN,,KEVIN,MULTNOMAH,1435 NE 81ST AVE STE 100,,PORTLAND,OR,97213,
TERRY,,NICOLE,MULTNOMAH,1040 SE MORRISON ST,,PORTLAND,OR,97214,
JOYCE,,PAUL,MULTNOMAH,16 SW 3RD AVE 22,,PORTLAND,OR,97204,2721
CHRISTINE,,NANCY,MULTNOMAH,PO BOX 12647,,PORTLAND,OR,97212,
ALAN,,LINDA,MULTNOMAH,1814 SW MARKET ST 1,,PORTLAND,OR,97201,
TARA,,THIEN,MULTNOMAH,5205 N INTERSTATE AVE,,PORTLAND,OR,97217,
MICHAEL,,TIMOTHY,MULTNOMAH,25 NW 23RD PL STE 6 PMB 290,,PORTLAND,OR,97210,
KORIN,,WILLIM,MULTNOMAH,338 NW 6TH AVE,,PORTLAND,OR,97209,3611
LEONARD,,ALFRED,MULTNOMAH,475 NW GLISAN ST,,PORTLAND,OR,97209,
WILLIAM,,JESSICA,MULTNOMAH,650 NW IRVING,,PORTLAND,OR,97209,
KURT,,HEATHER,MULTNOMAH,650 NW IRVING ST,,PORTLAND,OR,97209,
HANNAH,,MARY,MULTNOMAH,655 NW HOYT ST 518,,PORTLAND,OR,97209,3769
TOMASA,,TIMOTHY,MULTNOMAH,1429 SW 14TH AVE 106,,PORTLAND,OR,97201,
RITA,,MARTHA,MULTNOMAH,475 NW GLISAN ST,,PORTLAND,OR,97209,
STEPHEN MICHAEL KIA,,KELLY,MULTNOMAH,650 NW IRVING,,PORTLAND,OR,97209,
MOE,,PATRICIA,MULTNOMAH,937 SW 14TH AVE STE 200,,PORTLAND,OR,97205,
ROBERTA,,KELTON,MULTNOMAH,421 SW 5TH AVE STE 300,,PORTLAND,OR,97204,
SHAWNA,,ELAINE,MULTNOMAH,475 NW GLISAN ST,,PORTLAND,OR,97209,
WILLIAM,,MATTHEW,MULTNOMAH,650 NW IRVING ST,,PORTLAND,OR,97209,1272
RENE,,KRISTEN,MULTNOMAH,1001 SE WATER AVE STE 217,,PORTLAND,OR,97214,
LEWIS,,SARAH,MULTNOMAH,314 SW 9TH AVE,,PORTLAND,OR,97209,
COLLIN,,JOY,MULTNOMAH,650 NW IRVING ST,,PORTLAND,OR,97209,
RONALD,,KATHERINE,MULTNOMAH,650 NW IRVING ST,,PORTLAND,OR,97209,
GERALD,,JAYSON,MULTNOMAH,314 SW 9TH AVE,,PORTLAND,OR,97205,
BRENDA,,CAROLE,MULTNOMAH,650 NW IRVING ST,,PORTLAND,OR,97209,
SHIRLEY,,ROSEMARY,MULTNOMAH,3759 SE 40TH AVE APT 59,,PORTLAND,OR,97202,
CHARLOTTE,,GREGORY,MULTNOMAH,211 NW DAVIS ST,,PORTLAND,OR,97209,
SUSAN,,JUDITH,MULTNOMAH,650 NW IRVING ST,,PORTLAND,OR,97209,1272
ELYSIA,,RICHARD,MULTNOMAH,650 NW IRVING ST,,PORTLAND,OR,97209,1272
ADAM,,JENNIFER,MULTNOMAH,1535 SW CLAY ST 213,,PORTLAND,OR,97201,
STUART,,JONATHAN,MULTNOMAH,338 NW 6TH AVE,,PORTLAND,OR,97209,
NOAH,,SCOTT,MULTNOMAH,1706 NW 24TH AVE PMB 10512,,PORTLAND,OR,97210,2508
SUSAN,,JOSH,MULTNOMAH,1040 SE MORRISON ST,,PORTLAND,OR,97214,
ALBERT,,RONALD,MULTNOMAH,33 NW BROADWAY,,PORTLAND,OR,97209,
LAUREN,,MOE,MULTNOMAH,650 NW IRVING ST,,PORTLAND,OR,97209,
EDIE,,HENRY,MULTNOMAH,C/O 909 SW 11TH AVE,,PORTLAND,OR,97205,
ANYA,,SASHA,MULTNOMAH,650 NW IRVING ST,,PORTLAND,OR,97209,1272
CHRIS,,ALEXANDRA,MULTNOMAH,211 NW DAVIS ST,,PORTLAND,OR,97209,
CLAYTON,,DIANA,MULTNOMAH,506 NW 5TH AVE 306,,PORTLAND,OR,97209,3710
THOMAS,,HUGHIE,MULTNOMAH,1129 SW WASHINGTON ST 511,,PORTLAND,OR,97205,
MARTY,,CAROL,MULTNOMAH,1040 SE MORRISON ST,,PORTLAND,OR,97214,
SANG,,KEVIN,MULTNOMAH,17 SW 2ND AVE 301,,PORTLAND,OR,97204,
M,,ALBERT,MULTNOMAH,5240 NE 15TH AVE,,PORTLAND,OR,97211,
NICOLE,,KELSEY,MULTNOMAH,2941 NE AINSWORTH ST,,PORTLAND,OR,97211,6749
SEDONA,,STEVE,MULTNOMAH,1040 SE MORRISON ST,,PORTLAND,OR,97214,
MATTHEW,,NYCOLE,MULTNOMAH,8415 SW KATHERINE LANE,,PORTLAND,OR,97225,
JAMES,,CHRISTOPHER,MULTNOMAH,314 SW 9TH AVE,,PORTLAND,OR,97205,
TERRY,,DAVID,MULTNOMAH,9540 N WOOLSEY,,PORTLAND,OR,97203,
WILLIAM,,JOY,MULTNOMAH,1435 NE 81ST AVE STE 100,,PORTLAND,OR,97213,
MARY,,RONALD,MULTNOMAH,133 NW 6TH AVE,,PORTLAND,OR,97209,
RODRICK,,MICHAEL,MULTNOMAH,650 NW IRVING ST,,PORTLAND,OR,97209,1272
KELLY,,RICHARD,MULTNOMAH,1021 SW 4TH AVE,,PORTLAND,OR,97204,
JOE,,CANNON,MULTNOMAH,506 NW 5TH AVE 331,,PORTLAND,OR,97209,3710
JACOB,,CHRISTINE,MULTNOMAH,13500 SW PACIFIC HWY STE 58 PMB 178,,PORTLAND,OR,97223,4803
JACOB,,CAROLINE,MULTNOMAH,2020 SW MAIN ST 404,,PORTLAND,OR,97205,
DAVID,,RYAN,MULTNOMAH,314 SW 9TH AVE,,PORTLAND,OR,97205,2802
SCOTT,,JOHN,MULTNOMAH,318 NW BROADWAY 207,,PORTLAND,OR,97209,
ROSALIND,,PHOEBE,MULTNOMAH,1000 SW VISTA AVE 1204,,PORTLAND,OR,97205,
ANDREW,,BRIDGETT,MULTNOMAH,650 NW IRVING ST,,PORTLAND,OR,97209,1272
ALESSANDRO,,RACHEL,MULTNOMAH,650 NW IRVING ST,,PORTLAND,OR,97209,
MADALYN,,JEFFREY,MULTNOMAH,16124 SW ALDER ST,,PORTLAND,OR,97233,
PENELOPE,,GEORGE,MULTNOMAH,310 NW FLANDERS ST 000,,PORTLAND,OR,97209,
ANTHONY,,L,MULTNOMAH,17830 E BURNSIDE ST,,PORTLAND,OR,97233,4806
RICHARD,,ELIZABETH,MULTNOMAH,225 NW COUCH ST,,PORTLAND,OR,97209,
JUSTIN,,JAMES,MULTNOMAH,1435 NE 81ST AVE SUITE 100,,PORTLAND,OR,97213,
PATRICK,,LESLIE,MULTNOMAH,650 NW IRVING ST,,PORTLAND,OR,97209,
ROBERT,,SARAH,MULTNOMAH,475 NW GLISAN ST,,PORTLAND,OR,97209,
CLARISSA,,JAI,MULTNOMAH,25 NW 23RD PL STE 6 PMB 500,,PORTLAND,OR,97210,
LINDA,,BARBARA,MULTNOMAH,211 NW DAVIS ST,,PORTLAND,OR,97209,
LAURIE,,KATHLEEN,MULTNOMAH,650 NW IRVING ST,,PORTLAND,OR,97209,
KAITLIN,,SIENA,MULTNOMAH,111 W BURNSIDE ST,,PORTLAND,OR,97209,
SHARLA,,KATHARINE,MULTNOMAH,111 W BURNSIDE ST,,PORTLAND,OR,97209,
JUNG,,M LEESA,MULTNOMAH,650 NW IRVING ST,,PORTLAND,OR,97209,
JILLIAN,,RYAN,MULTNOMAH,1435 NE 81ST AVE STE 100,,PORTLAND,OR,97213,
KELLY,,STEFAN,MULTNOMAH,523 NW EVERETT ST,,PORTLAND,OR,97209,
ALISON,,MILLICEN,MULTNOMAH,650 NW IRVING ST,,PORTLAND,OR,97209,
WAJDI,,MICHAEL,MULTNOMAH,145 SE 151ST AVE #5,,PORTLAND,OR,97233,
DAVID,,ZACHARY,MULTNOMAH,314 SW 9TH AVE,,PORTLAND,OR,97205,2802
JAMEL,,BROOKE,MULTNOMAH,325 NW 21ST AVE STE 203,,PORTLAND,OR,97211,
SAMUEL,,DAVID,MULTNOMAH,6312 SW CAPITOL HWY PMB 278,,PORTLAND,OR,97239,
RUTH,,BRIDGETT,MULTNOMAH,1040 SE MORRISON ST,,PORTLAND,OR,97214,
SUSAN,,SEAN,MULTNOMAH,1040 SE MORRISON ST,,PORTLAND,OR,97214,
KENNETH,,JODI,MULTNOMAH,1535 SW CLAY ST 112,,PORTLAND,OR,97201,
CHARLOTTE,,NAVARA,MULTNOMAH,650 NW IRVING ST,,PORTLAND,OR,97209,1272
CAROLINE,,KEVIN,MULTNOMAH,1818 NE MARTIN LUTHER KING BLVD,,PORTLAND,OR,97211,
JOSHUA,,ANTHONY,MULTNOMAH,650 NW IRVING ST,,PORTLAND,OR,97209,1272
ALAN,,TRACY,MULTNOMAH,1040 SE MORRISON ST,,PORTLAND,OR,97214,
CHRISTOPHER,,ARRON,MULTNOMAH,111 W BURNSIDE ST,,PORTLAND,OR,97209,
MICHAEL,,RICKEY,MULTNOMAH,650 NW HOYT ST,,PORTLAND,OR,97209,
MICHAEL,,TRACI,MULTNOMAH,314 SW 9TH AVE,,PORTLAND,OR,97205,2802
JEYLEEN,,DAVID,MULTNOMAH,33 NW BROADWAY,,PORTLAND,OR,97209,3580
LOURDES,,ALBERT,MULTNOMAH,650 NW IRVING ST,,PORTLAND,OR,97209,
JOSEPH,,JOY,MULTNOMAH,650 NW IRVING ST,,PORTLAND,OR,97209,1272
KATHRYN,,GLENN,MULTNOMAH,650 NW IRVING ST,,PORTLAND,OR,97209,1272
SAMEYA,,JULIE,MULTNOMAH,650 NW IRVING ST,,PORTLAND,OR,97209,
JOHN,,CHRISDEAN,MULTNOMAH,5325 NE MLK BLVD,,PORTLAND,OR,97211,
BRENDA,,ANTHONY,MULTNOMAH,6816 N TRUMBULL AVE APT 14,,PORTLAND,OR,97203,
ALEKSEY,,CHRISTOPHER,MULTNOMAH,1435 NE 81ST AVE STE 100,,PORTLAND,OR,97213,
JULIE,,SEDONA,MULTNOMAH,650 NW IRVING ST,,PORTLAND,OR,97209,
THOMAS,,ANDREW,MULTNOMAH,1240 SW COLUMBIA ST APT 501,,PORTLAND,OR,97201,
DANIEL,,ANGELA,MULTNOMAH,901 SW KING AVE 609,,PORTLAND,OR,97205,
REBECCA,,ROBERT,MULTNOMAH,3627 N LOMBARD ST,,PORTLAND,OR,97209,
CATHY,,JENNIFER,MULTNOMAH,650 NW IRVING ST,,PORTLAND,OR,97209,1272
SHARON,,LINDA,MULTNOMAH,5331 SW MACADAM BLVD 258-525,,PORTLAND,OR,97239,
ASHLEY,,DAVID,MULTNOMAH,19100 E BURNSIDE ST APT E232,,PORTLAND,OR,97233,
JENNIFER,,SUZANNE,MULTNOMAH,10615 SE CHERRY BLOSSOM DR,,PORTLAND,OR,97216,
AMANDA,,RONALD,MULTNOMAH,650 NW IRVING ST,,PORTLAND,OR,97209,1272
CHRISTOPHER,,RICHARD,MULTNOMAH,PO BOX 17496,,PORTLAND,OR,97217,
STEVEN,,GERARD,MULTNOMAH,2941 NE AINSWORTH,,PORTLAND,OR,97211,
DEBRA,,SUSAN,MULTNOMAH,207 NW 3RD AVE,,PORTLAND,OR,97209,
RICARDO,,THOMAS,MULTNOMAH,1132 SW 19TH AVE 901,,PORTLAND,OR,97205,
DARREL,,L,MULTNOMAH,16141 E BURNSIDE ST,,PORTLAND,OR,97233,
MARYN,,LAURIE,MULTNOMAH,650 NW IRVING ST,,PORTLAND,OR,97209,
KATHLEEN,,JAMES,MULTNOMAH,712 SW SAINT CLAIR AVE 000,,PORTLAND,OR,97205,
JOHN,,JAMES,MULTNOMAH,1435 NE 81ST AVE STE 100,,PORTLAND,OR,97213,
BRIAN,,JOHNNY,MULTNOMAH,111 W BURNSIDE ST,,PORTLAND,OR,97209,
JOHN,,FRANK,MULTNOMAH,8562 SW 35TH AVE,,PORTLAND,OR,97219,
MARK,,OMER,MULTNOMAH,931 SW KING AVE A,,PORTLAND,OR,97205,
PAULA,,MARISSA,MULTNOMAH,650 NW IRVING ST,,PORTLAND,OR,97209,
ALEC,,ANNA,MULTNOMAH,111 W BURNSIDE ST,,PORTLAND,OR,97209,
MARK,,JAMES,MULTNOMAH,650 NW IRVING ST,,PORTLAND,OR,97209,
KYLE,,ANDREW,MULTNOMAH,4534 SE HAWTHORNE BLVD,,PORTLAND,OR,97214,
LARRY,,JAMES,MULTNOMAH,1000 S.W. THIRD AVE.,1507 US COURT HOUSE,PORTLAND,OR,97204,
CARLOS,,ROBERT,MULTNOMAH,1040 SE MORRISON,,PORTLAND,OR,97214,
ERIN,,AUSTIN,MULTNOMAH,1926 W BURNSIDE ST 406,,PORTLAND,OR,97209,
WALEESKA,,JULIA,MULTNOMAH,133 NW 6TH AVE,,PORTLAND,OR,97209,
FATEMEH,,STANLEY,MULTNOMAH,1550 N HUMBOLDT ST,,PORTLAND,OR,97217,
MICHAEL,,MICHAEL,MULTNOMAH,949 E BURNSIDE ST,,PORTLAND,OR,97214,1304
KATELYN TAYLOR,,DAISY,MULTNOMAH,430 SW 13TH AVE 0,,PORTLAND,OR,97205,2361
BILLY,,SONIA,MULTNOMAH,8888 NW SAINT HELENS RD,,PORTLAND,OR,97231,1123
THOMAS,,JORDON,MULTNOMAH,314 SW 9TH AVE,,PORTLAND,OR,97205,
MCKENZIE,,CORA,MULTNOMAH,1430 SW BROADWAY STE 200,,PORTLAND,OR,97201,
MAC,,RANDY,MULTNOMAH,731 SW SALMON ST ST509,,PORTLAND,OR,97205,3041
LAWRENCE,,WILLIAM,MULTNOMAH,650 NW IRVING,,PORTLAND,OR,97209,
GLENN,,EARL,MULTNOMAH,506 NW 5TH AVE 310,,PORTLAND,OR,97209,3710
CYNTHIA,,JAMES,MULTNOMAH,650 NW IRVING ST,,PORTLAND,OR,97209,
MICHAEL,,STEVEN,MULTNOMAH,650 NW IRVING ST,,PORTLAND,OR,97209,
JEAN,,BERKLY,MULTNOMAH,PO BOX 40751,,PORTLAND,OR,97201,
STEVEN,,JAI,MULTNOMAH,33 NW BROADWAY,,PORTLAND,OR,97209,
RAYMOND,,THOMAS,MULTNOMAH,2330 NW 31ST AVE,,PORTLAND,OR,97210,
KEVIN,,RYAN,MULTNOMAH,1040  SE MORRISON ST,,PORTLAND,OR,97214,
GAGE,,JANET,MULTNOMAH,4110 SE HAWTHORNE BLVD STE 271,,PORTLAND,OR,97214,
JACQUELINE,,JAMIE,MULTNOMAH,818 SW 3RD AVE BOX 179,,PORTLAND,OR,97204,
GEORGE,,JAVIER,MULTNOMAH,1040 SE MORRISON ST,,PORTLAND,OR,97214,
CHARISA,,KATHERINE,MULTNOMAH,650 NW GLISAN ST,,PORTLAND,OR,97209,
CAPRICE,,KORIN,MULTNOMAH,"25 NW 23RD PLACE SUITE 6, 361",,PORTLAND,OR,97210,
JUSTIN,,ROBERT,MULTNOMAH,5911 SW VIRGINIA AVE,,PORTLAND,OR,97239,
JOY,,JOEL,MULTNOMAH,1040 SE MORRISON ST,,PORTLAND,OR,97214,
THOMAS,,STEPHEN,MULTNOMAH,314 SW 9TH AVE,,PORTLAND,OR,97205,
SCOTT,,JOSEPH,MULTNOMAH,4332 NE JARRETT ST # A,,PORTLAND,OR,97218,
DEBORAH,,NATALIA,MULTNOMAH,1000 SW VISTA AVE 510,,PORTLAND,OR,97205,
SHAELYN,,JASMINE,MULTNOMAH,650 NW IRVING ST,,PORTLAND,OR,97209,
VANDANA,,CORI,MULTNOMAH,475 NW GLISAN ST,,PORTLAND,OR,97209,
ALICE,,KEVIN,MULTNOMAH,314 SW 9TH AVE,,PORTLAND,OR,97205,2802
KAREN,,BROCK,MULTNOMAH,333 NW 6TH AVE 9,,PORTLAND,OR,97209,3610
THOMAS,,THOMAS,MULTNOMAH,3519 NE 15TH AVE APT 194,,PORTLAND,OR,97212,
JAMES-PATRICK,,SUNNY,MULTNOMAH,309 SW 4TH AVE APT 227,,PORTLAND,OR,97204,
ALAN,,ALAN,MULTNOMAH,650 NW IRVING ST,,PORTLAND,OR,97209,
CHARLES,,VIGO,MULTNOMAH,1505 SW EVANS ST APT 1505,,PORTLAND,OR,97219,2828
ALEXANDER,,JUSTIN,MULTNOMAH,10 N WEIDLER ST APT 342,,PORTLAND,OR,97227,
DENETTE,,ALMA,MULTNOMAH,650 NW IRVING ST,,PORTLAND,OR,97209,1272
KARL,,JEFFREY,MULTNOMAH,111 W BURNSIDE ST,,PORTLAND,OR,97209,
RENE,,SAKILE,MULTNOMAH,650 NW IRVING ST,,PORTLAND,OR,97209,
ROBERT,,JANICE,MULTNOMAH,6219 SE 92ND AVE,,PORTLAND,OR,97266,5229
OLMAN,,ARYN,MULTNOMAH,650 NW IRVING ST,,PORTLAND,OR,97209,
JOSHUA,,RONALD,MULTNOMAH,610 NW DAVIS ST 20,,PORTLAND,OR,97209,
FREDERICK,,DANIEL,MULTNOMAH,650 NW IRVING ST,,PORTLAND,OR,97209,1272
DAISY,,BETTINA,MULTNOMAH,4926 SW FAIRHAVEN DR 1,,PORTLAND,OR,97221,
DAVID,,BARRY,MULTNOMAH,650 NW IRVING ST,,PORTLAND,OR,97209,1272
ALAN,,MCKENZIE,MULTNOMAH,33 NW BROADWAY,,PORTLAND,OR,97209,
LAURA,,KIAVASH,MULTNOMAH,506 NW 5TH AVE 316,,PORTLAND,OR,97209,3710
HONOR,,CHRISTOPHER,MULTNOMAH,25 NW 23RD PL STE 6 PMB 287,,PORTLAND,OR,97210,
DENNIS,,DANIELLE,MULTNOMAH,309 SW 4TH AVE 2032,,PORTLAND,OR,97204,2344
TERRI,,NATHAN,MULTNOMAH,225 NW COUCH ST 202,,PORTLAND,OR,97209,
TODD,,SUSAN,MULTNOMAH,2167 SW YAMHILL ST 2,,PORTLAND,OR,97205,
ARDEN,,MELANIE,MULTNOMAH,PO BOX 17082,,PORTLAND,OR,97217,
NATALIA,,RILEY,MULTNOMAH,310 NW FLANDERS ST 208,,PORTLAND,OR,97209,3941
KEVIN,,GENEVIEVE,MULTNOMAH,121 NW 6TH AVE,,PORTLAND,OR,97209,
STEVEN,,SUZIE,MULTNOMAH,1040 SE MORRISON ST,,PORTLAND,OR,97214,
BRYAN,,BETTY,MULTNOMAH,1040 SE MORRISON ST,,PORTLAND,OR,97214,
VICTOR,,LYNDELLE,MULTNOMAH,13190 SW 6TH AVE,,PORTLAND,OR,97219,
CHRISTOPHER,,TODD,MULTNOMAH,25 NW 23RD PL STE 6 PMB 500,,PORTLAND,OR,97210,
CAROL,,JASON,MULTNOMAH,211 NW DAVIS ST,,PORTLAND,OR,97209,
RACHEL,,RUTH,MULTNOMAH,650 NW IRVING ST,,PORTLAND,OR,97209,
RONALD,,KATHERINE,MULTNOMAH,550 SW 12TH AVE,,PORTLAND,OR,97205,2300
RAUL,,ERIEL,MULTNOMAH,225 NW COUCH ST 00,,PORTLAND,OR,97209,
SUSAN,,CYNTHIA,MULTNOMAH,655 NW HOYT ST 718,,PORTLAND,OR,97209,3769
NAI-WEI,,RONALDO,MULTNOMAH,650 NW IRVING,,PORTLAND,OR,97209,
ABIJAH,,DONALD,MULTNOMAH,506 NW 5TH AVE 201,,PORTLAND,OR,97209,3710
MALIE,,NATASHA,MULTNOMAH,650 NW IRVING ST,,PORTLAND,OR,97209,
JONATHAN,,MARY,MULTNOMAH,111 W BURNSIDE ST,,PORTLAND,OR,97209,
JESSICA,,CONSTANCIO,MULTNOMAH,7410 SW OLESON RD APT 170,,PORTLAND,OR,97223,
FREDRICK,,LAURIE,MULTNOMAH,6925 SE LAMPHIER,,PORTLAND,OR,97222,
JENNIFER,,MICHAEL,MULTNOMAH,650 NW IRVING ST,,PORTLAND,OR,97209,
MICHAEL,,JESSICA,MULTNOMAH,1218 SW WASHINGTON ST 00,,PORTLAND,OR,97205,
DAVID,,ADAM,MULTNOMAH,25 NW 23RD PL STE 6 PMB 119,,PORTLAND,OR,97210,
MICHAEL,,TERRY,MULTNOMAH,627 NW 18TH AVE  N3,,PORTLAND,OR,97209,2221
SHEILA,,LORI,MULTNOMAH,413 NW 21ST AVE,,PORTLAND,OR,97209,
KARMA,,CHRISTOPHER,MULTNOMAH,314 SW 9TH AVE,,PORTLAND,OR,97205,2802
LAUREN,,KAREN,MULTNOMAH,322 SW 11TH AVE 420A,,PORTLAND,OR,97205,2601
AMIN,,SHAELYN,MULTNOMAH,3338 SE 17TH,,PORTLAND,OR,97202,
WILHELMAS,,MATTHEW,MULTNOMAH,1430 SW BROADWAY STE 200,,PORTLAND,OR,97201,
JOHN,,ERIC,MULTNOMAH,1132 SW 13TH AVE,,PORTLAND,OR,97205,
TYLER,,STEVEN,MULTNOMAH,818 SW 3RD #298,,PORTLAND,OR,97204,
KATHERINE,,GINGER,MULTNOMAH,950 SW 21ST AVE PHE,,PORTLAND,OR,97205,1562
APRIL,,THELMA,MULTNOMAH,650 NW IRVING ST,,PORTLAND,OR,97209,
JONAH,,CLIFTON,MULTNOMAH,111 W BURNSIDE ST,,PORTLAND,OR,97209,
ROSE,,ROBERT,MULTNOMAH,0615 SW PALATINE HILL ROAD ,MSC 55,PORTLAND,OR,97219,
LISA,,VALERIE,MULTNOMAH,650 NW IRVING ST,,PORTLAND,OR,97209,
THOMAS,,ARLENE,MULTNOMAH,655 NW HOYT ST 830,,PORTLAND,OR,97209,
JONAH,,LAURA,MULTNOMAH,2524 NE 36TH AVE,,PORTLAND,OR,97212,
ANDREA,,WILLIAM,MULTNOMAH,1132 SW 13TH AVE,,PORTLAND,OR,97205,1703
ROBERT,,DYLAN,MULTNOMAH,650 NW IRVING ST,,PORTLAND,OR,97209,1272
REUEL,,SAI,MULTNOMAH,1000 SW VISTA AVE 726,,PORTLAND,OR,97205,
FRANCES,,JAIME,MULTNOMAH,1132 SW 13TH AVE,,PORTLAND,OR,97205,
KATHY,,CODY,MULTNOMAH,314 SW 9TH AVE,,PORTLAND,OR,97205,2802
MICHAEL,,ROBEN,MULTNOMAH,1218 SW WASHINGTON ST 517,,PORTLAND,OR,97205,
YEN,,JOHNATHAN,MULTNOMAH,650 NW IRVING ST,,PORTLAND,OR,97209,
MARK,,VICKI,MULTNOMAH,506 NW 5TH AVE 209,,PORTLAND,OR,97209,3710
ANDREW,,ANTHONY,MULTNOMAH,650 NW IRVING ST,,PORTLAND,OR,97209,1272
SCOTT,,NOE,MULTNOMAH,727 W BURNSIDE ST,,PORTLAND,OR,97209,3514
VIRGINIA,,DENNIS,MULTNOMAH,25 NW 23RD PLACE STE 6 338,,PORTLAND,OR,97210,
DEBRA,,MICHAEL,MULTNOMAH,650 NW IRVING ST,,PORTLAND,OR,97209,
NEIL,,GREG,MULTNOMAH,650 NW IRVING ST,,PORTLAND,OR,97209,
DOUGLAS,,SAMANTHA,MULTNOMAH,17 SW 2ND AVE 413,,PORTLAND,OR,97204,
SVEN,,LOUISE,MULTNOMAH,310 NW FLANDERS ST 201,,PORTLAND,OR,97209,3941
SKYLER,,DANA,MULTNOMAH,650 NW IRVING ST,,PORTLAND,OR,97209,
YVONNE,,JOSEPH,MULTNOMAH,1430 SW BROADWAY STE 200,,PORTLAND,OR,97201,
TYSEN,,JUSTIN,MULTNOMAH,1604 SW CLAY ST 213,,PORTLAND,OR,97201,
JOSHUA,,LAWRENCE,MULTNOMAH,20 NW 16TH AVE 5,,PORTLAND,OR,97209,
SANDRA,,ALICE,MULTNOMAH,1132 SW 13TH AVE,,PORTLAND,OR,97205,1703
THOMAS,,JOHN,MULTNOMAH,7414 N OMAHA AVE,,PORTLAND,OR,97217,
J,,CODY,MULTNOMAH,921 SW WASHINGTON ST # 762,,PORTLAND,OR,97205,2825
THOMAS,,WILHELMAS,MULTNOMAH,1615 SW MORRISON ST 00,,PORTLAND,OR,97205,1850
ROLLI,,WILLIAM,MULTNOMAH,2941 NE AINSWORTH ST,,PORTLAND,OR,97211,
MEGHAN JEANNE,,MARK,MULTNOMAH,1132 SW 13TH AVE,,PORTLAND,OR,97205,
VERA,,JOSHUA,MULTNOMAH,1132 SW 13TH AVE,,PORTLAND,OR,97205,1703
FREDERICK,,WILLIAM,MULTNOMAH,333 NW 6TH AVE 7,,PORTLAND,OR,97209,3610
BRIAN,,JAI,MULTNOMAH,1132 SW 13TH AVE,,PORTLAND,OR,97205,
RACHAEL,,SARAH,MULTNOMAH,1105 SW 18TH AVE 1,,PORTLAND,OR,97205,
OLIVE,,MERCEDES,MULTNOMAH,665 NW HOYT ST,,PORTLAND,OR,97209,
CHRISTOPHER,,MICHAEL,MULTNOMAH,1430 SW BROADWAY STE 200,,PORTLAND,OR,97201,
BARBARA,,ALEX,MULTNOMAH,650 NW IRVING ST,,PORTLAND,OR,97209,1272
MARTHA,,LA RONZO,MULTNOMAH,650 NW IRVING ST,,PORTLAND,OR,97209,
JENNIFER,,KIRBY,MULTNOMAH,322 SW 11TH AVE 406,,PORTLAND,OR,97205,2601
WILLIAM,,AMANDA,MULTNOMAH,1040 SE MORRISON ST,,PORTLAND,OR,97214,
SHELLY,,JAMES,MULTNOMAH,650 NW IRVING ST,,PORTLAND,OR,97209,
JASON,,MCCARTNEY,MULTNOMAH,650 NW IRVING ST,,PORTLAND,OR,97209,1272
JOHN,,JULIE,MULTNOMAH,1434 SW MORRISON ST 310,,PORTLAND,OR,97205,
MICHAEL,,RICHARD,MULTNOMAH,211 NW DAVIS ST,,PORTLAND,OR,97209,
ANGELE,,MICHAEL,MULTNOMAH,650 NW IRVING ST,,PORTLAND,OR,97209,
FRANK,,FREDERICK,MULTNOMAH,2211 SW PARK PL 1001,,PORTLAND,OR,97205,
THOMAS,,REUEL,MULTNOMAH,225 NW COUCH ST WESNER,,PORTLAND,OR,97209,
HERVE,,PAUL,MULTNOMAH,2211 SW PARK PL 502,,PORTLAND,OR,97205,
JAIME,,VANDANA,MULTNOMAH,7602 SW 50TH AVE,,PORTLAND,OR,97219,
MURRAY,,CHRISTOPHER,MULTNOMAH,1040 SE MORRISON ST,,PORTLAND,OR,97214,
JANICE,,CINDY,MULTNOMAH,1132 SW 13TH AVE,,PORTLAND,OR,97205,1703
MISTY,,TIMOTHY,MULTNOMAH,211 NW DAVIS ST,,PORTLAND,OR,97209,
ELIZABETH,,ELIZABETH,MULTNOMAH,929 SW SALMON ST 207,,PORTLAND,OR,97205,
MATTHEW,,TIMOTHY,MULTNOMAH,650 NW IRVING ST,,PORTLAND,OR,97209,
JANE,,JASMINE,MULTNOMAH,223 SW YAMHILL ST,,PORTLAND,OR,97204,
STACIE,,SARAH,MULTNOMAH,NW MCDONALD HOUSE APT 207,,PORTLAND,OR,97209,
CESIL,,KATHRYN,MULTNOMAH,111 W BURNSIDE ST,,PORTLAND,OR,97204,
JOSHUA,,DORIAN,MULTNOMAH,650 NW IRVING ST,,PORTLAND,OR,97209,1272
FREDERICK,,ANDREA,MULTNOMAH,475 NW GLISAN ST,,PORTLAND,OR,97209,
WILLIAM,,RENEE,MULTNOMAH,815 SW VISTA AVE 210,,PORTLAND,OR,97205,
MICHAEL,,MICHELLE,MULTNOMAH,650 NW IRVING ST,,PORTLAND,OR,97209,1272
VALERIE,,LAURIE,MULTNOMAH,1709 SW MORRISON ST 408,,PORTLAND,OR,97205,
PETER,,JODI,MULTNOMAH,211 NW DAVIS ST,,PORTLAND,OR,97209,
HILARY,,RICH,MULTNOMAH,1040 SE MORRISON ST,,PORTLAND,OR,97214,
CRYSTAL,,RENE,MULTNOMAH,650 NW IRVING ST,,PORTLAND,OR,97209,
CORI,,REGINA,MULTNOMAH,506 NW 5TH AVE 321,,PORTLAND,OR,97209,3710
OLMAN,,ANNA,MULTNOMAH,650 NW IRVING ST,,PORTLAND,OR,97209,
RYAN,,TRICIA,MULTNOMAH,727 W. BURNSIDE ST,,PORTLAND,OR,97205,
KATHLEEN,,THOMAS,MULTNOMAH,1040 SE MORRISON ST,,PORTLAND,OR,97214,
JERRY,,RICHARD,MULTNOMAH,715 NW HOYT ST,,PORTLAND,OR,97209,
STEPHEN,,JONNY,MULTNOMAH,7410 SW OLESON RD  170,,PORTLAND,OR,97223,
ALLISON,,BRADFORD,MULTNOMAH,627 NW 18TH AVE  M10,,PORTLAND,OR,97209,2221
ANDREW,,LEE,MULTNOMAH,1223 SW WASHINGTON ST STE 200,,PORTLAND,OR,97205,
CHRIS,,RANDY,MULTNOMAH,824 SW 18TH AVE,,PORTLAND,OR,97205,
JOSHUA,,BG,MULTNOMAH,506 NW 5TH AVE 324,,PORTLAND,OR,97209,3710
DOREATHA,,JOHN,MULTNOMAH,12345 E BURNSIDE ST,,PORTLAND,OR,97209,
JUSTIN,,KATRINA,MULTNOMAH,1435 NE 81ST AVE STE 100,,PORTLAND,OR,97213,
OLIVIA,,BRYAN,MULTNOMAH,211 NW DAVIS ST,,PORTLAND,OR,97209,
BRIANA,,SHAYLA,MULTNOMAH,901 SW KING AVE 208,,PORTLAND,OR,97205,
MARK,,JOSHUA,MULTNOMAH,727 W BURNSIDE ST,,PORTLAND,OR,97209,
JANET,,MARCIANNA,MULTNOMAH,650 NW IRVING ST,,PORTLAND,OR,97209,1272
CAROL,,CARLY,MULTNOMAH,1040 SE MORRISON ST,,PORTLAND,OR,97214,
JOHN,,LOURDES,MULTNOMAH,1000 SW VISTA AVE 403,,PORTLAND,OR,97205,
EMILY,,ELIZABETH,MULTNOMAH,650 NW IRVING ST,,PORTLAND,OR,97209,
CIARAN,,ANDREW,MULTNOMAH,3652 SE LEXINGTON ST,,PORTLAND,OR,97202,
TRINITY,,CHRISTOPHER,MULTNOMAH,650 NW IRVING ST,,PORTLAND,OR,97209,
JEFFREY,,HJIAWAL,MULTNOMAH,111 W BURNSIDE ST,,PORTLAND,OR,97209,
DANIELLE,,JAMES,MULTNOMAH,25 NW 23RD PL STE 6 PMB 412,PMB 412,PORTLAND,OR,97210,
ZACHARY,,KYLE,MULTNOMAH,7651 SE HARNEY ST,,PORTLAND,OR,97206,
VANESSA,,ALEKSEY,MULTNOMAH,4110 SE HAWTHORNE BLVD PMB 715,,PORTLAND,OR,97214,
STEVEN,,LORI,MULTNOMAH,1819 SW 5TH AVE PMB 182,,PORTLAND,OR,97201,
SAMUEL,,JAMES,MULTNOMAH,4444 NE 88TH AVE,,PORTLAND,OR,97220,
STEVEN,,JASON,MULTNOMAH,1435 NE 81ST AVE,,PORTLAND,OR,97213,
PAMELA,,RYAN,MULTNOMAH,1 SW COLUMBIA ST STE 1620,,PORTLAND,OR,97258,2017
REGINA,,PATRICIA,MULTNOMAH,1040 SE MORRISON ST,,PORTLAND,OR,97214,
BRIAN,,JENNIFER,MULTNOMAH,25 NW 23RD PL. STE 6 ,PMB 309,PORTLAND,OR,97210,
MARY,,DAVID,MULTNOMAH,314 SW 9TH AVE,,PORTLAND,OR,97205,
SCOTT,,MARK,MULTNOMAH,111 W BURNSIDE ST,,PORTLAND,OR,97209,
RICHARD,,ALBERT,MULTNOMAH,435 NW GLISAN ST,,PORTLAND,OR,97209,
JOYCE,,KIMBERLY,MULTNOMAH,PO BOX 3007,,PORTLAND,OR,97205,
ERIC,,BROOKE,MULTNOMAH,1435 NE 81ST AVE STE 100,,PORTLAND,OR,97213,
CYNTHIA,,THOMAS,MULTNOMAH,1040 SE MORRISON ST,,PORTLAND,OR,97214,
SARAH,,VIGO,MULTNOMAH,1132 SW 13TH AVE,,PORTLAND,OR,97205,
JOANN,,ANTHONY,MULTNOMAH,650 NW IRVING ST,,PORTLAND,OR,97209,1272
ZACHARY,,DANIEL,MULTNOMAH,650  NW IRVING ST,,PORTLAND,OR,97209,
KRYSTLE,,CEGAN,MULTNOMAH,322 SW 11TH AVE 224,,PORTLAND,OR,97205,2601
JASIYAH,,GLEN,MULTNOMAH,1441 SW CLAY ST I,,PORTLAND,OR,97201,
THOMAS,,HEATHER,MULTNOMAH,100 SW BIRDSHILL RD,,PORTLAND,OR,97219,
JAMES,,JORDAN,MULTNOMAH,2211 SW PARK PL 203,,PORTLAND,OR,97205,
THERESA,,ROBERT,MULTNOMAH,421 NE 87TH AVE,,PORTLAND,OR,97220,5934
ELIZABETH,,DAVID,MULTNOMAH,650 NW IRVING ST,,PORTLAND,OR,97209,
ROBERTA,,CALE,MULTNOMAH,1105 SW 18TH AVE 3,,PORTLAND,OR,97205,1710
KATHLEEN,,ANAYA,MULTNOMAH,1040 SE MORRISON ST,,PORTLAND,OR,97214,
TIFFANY,,MERCEDES,MULTNOMAH,211 NW DAVIS ST,,PORTLAND,OR,97209,
JOHN,,ROBERTA,MULTNOMAH,207 NW 3RD AVE,,PORTLAND,OR,97209,3910
ANN,,JAMES,MULTNOMAH,310 NW GLISAN ST 404,,PORTLAND,OR,97209,3712
DON,,ANTHONY,MULTNOMAH,650 NW IRVING ST,,PORTLAND,OR,97209,
TROY,,MICHAEL,MULTNOMAH,211 NW DAVIS ST,,PORTLAND,OR,97209,
CARMELITA,,DARYL,MULTNOMAH,314 SW 9TH AVE,,PORTLAND,OR,97205,
KATHRYN,,ALISON,MULTNOMAH,601 W BURNSIDE ST,,PORTLAND,OR,97209,
ZACHARY,,PATRICIA,MULTNOMAH,1040  SE MORRISON ST,,PORTLAND,OR,97214,
JULIA,,ZETTA,MULTNOMAH,650 NW IRVING ST,,PORTLAND,OR,97209,
JONATHAN,,KEVIN,MULTNOMAH,1040 SE MORRISON ST,,PORTLAND,OR,97214,
STEVEN,,CALIN,MULTNOMAH,650 NW IRVING ST,,PORTLAND,OR,97209,
KATELYN TAYLOR,,SARAH,MULTNOMAH,1000 SW VISTA AVE 709,,PORTLAND,OR,97205,
KRISH,,ERIC,MULTNOMAH,650 NW IRVING ST,,PORTLAND,OR,97209,
MATTI,,LINDA,MULTNOMAH,1040 SE MORRISON ST,,PORTLAND,OR,97214,
EDUARDO,,P,MULTNOMAH,650 NW IRVING ST,,PORTLAND,OR,97209,1272
GREGORY,,LOREN,MULTNOMAH,435 NW GLISAN ST,,PORTLAND,OR,97209,
MIKE,,LAURA,MULTNOMAH,627 NW 18TH AVE  C25,,PORTLAND,OR,97209,2221
GLORIA,,LINDSEY,MULTNOMAH,314 NW 5TH AVE 509,,PORTLAND,OR,97209,
ALEC,,RICHARD,MULTNOMAH,911 SW 21ST AVE 309,,PORTLAND,OR,97205,
ALEXANDER,,JOSHUA,MULTNOMAH,338 NW 6TH AVE,,PORTLAND,OR,97209,
JOSH,,ELLEN,MULTNOMAH,6791 SW ASHDALE DR,,PORTLAND,OR,97223,
JEREMY,,SHARIFF,MULTNOMAH,831 SW VISTA AVE 411,,PORTLAND,OR,97205,
MARK,,STEPHEN,MULTNOMAH,1040 SE MORRISON ST,,PORTLAND,OR,97214,
HORATIO,,JENNY,MULTNOMAH,412 SW 12TH AVE,,PORTLAND,OR,97205,2329
BEAU,,ALFONSO,MULTNOMAH,523 NW EVERETT ST,,PORTLAND,OR,97209,
LAUREN,,BENJAMIN,MULTNOMAH,1040 SE MORRISON ST,,PORTLAND,OR,97214,
THOMAS,,BONNIE,MULTNOMAH,1040 SE MORRISON,,PORTLAND,OR,97214,
KARIN,,ADRIEL,MULTNOMAH,308 SW 12TH AVE 26,,PORTLAND,OR,97205,
GINGER,,THIEN,MULTNOMAH,650 NW IRVING ST,,PORTLAND,OR,97209,
BRANDON,,SERGEY,MULTNOMAH,111 W BURNSIDE ST,,PORTLAND,OR,97209,
DAVID,,RICHARD,MULTNOMAH,431 NW FLANDERS ST STE 300,,PORTLAND,OR,97209,
MADISON,,PAUL,MULTNOMAH,1717 W BURNSIDE ST 14,,PORTLAND,OR,97209,
GINGER,,KATHERINE,MULTNOMAH,314 SW 9TH AVE,,PORTLAND,OR,97205,
CHRISTOPHER,,VERONICA,MULTNOMAH,650 NW IRVING ST,,PORTLAND,OR,97209,
BENJAMIN,,PHILIP,MULTNOMAH,1040 SW MORRISON,,PORTLAND,OR,97214,
RUBEN,,KORIN,MULTNOMAH,650 NW IRVING ST,,PORTLAND,OR,97209,
DAVID,,SHEILA,MULTNOMAH,1825 NW VAUGHN ST.  SUITE A,,PORTLAND,OR,97209,
MATTHEW,,SAMUEL,MULTNOMAH,506 NW 5TH AVE 221,,PORTLAND,OR,97209,3710
DAVID,,ROSE,MULTNOMAH,1435 NE 81ST AVE STE 100,,PORTLAND,OR,97213,
LARS,,THOMAS,MULTNOMAH,650 NW IRVING ST,,PORTLAND,OR,97209,
CHRISTOPHER,,RICHARD,MULTNOMAH,333 NW 6TH AVE 21,,PORTLAND,OR,97209,3610
CARMAN,,LESLIE,MULTNOMAH,625 NW EVERETT ST 222,,PORTLAND,OR,97209,
CAROLYN,,DORALYN,MULTNOMAH,25 NW 23RD PL STE 6 PMB  234,,PORTLAND,OR,97210,5580
ROBERT,,DUSTIN,MULTNOMAH,25 NW 23RD PL STE 6 PMB 300,,PORTLAND,OR,97210,
JACOB,,SARAH,MULTNOMAH,310 NW FLANDERS ST,,PORTLAND,OR,97209,3941
JAMES,,ROBERT,MULTNOMAH,627 NW 18TH AVE BOX M25,,PORTLAND,OR,97209,
JAMES,,JESSICA,MULTNOMAH,1040 SE MORRISON ST,,PORTLAND,OR,97214,
BRETT,,ANGELA,MULTNOMAH,665 NW HOYT ST,,PORTLAND,OR,97209,3769
KENNETH,,BHRENR,MULTNOMAH,650 NW IRVING ST,,PORTLAND,OR,97209,
SAMUEL,,ANNA,MULTNOMAH,650 NW IRVING ST,,PORTLAND,OR,97209,1272
BEAU,,JULIE,MULTNOMAH,1337 SW WASHINGTON ST 220,,PORTLAND,OR,97205,2328
ELINOR,,BRYAN,MULTNOMAH,650 NW IRVING,,PORTLAND,OR,97209,
SIENA,,JOSHUA,MULTNOMAH,818 SW 3RD AVE,PMB 1364,PORTLAND,OR,97204,
MARK,,PATRICIA,MULTNOMAH,1130 SE OAK STREET,,PORTLAND,OR,97214,
BETTY,,RYAN,MULTNOMAH,211 NW DAVIS ST,,PORTLAND,OR,97209,
RENE,,JENNIFER,MULTNOMAH,650 NW IRVING ST,,PORTLAND,OR,97209,
TIA,,JENNIFER,MULTNOMAH,731 SW SALMON ST 306,,PORTLAND,OR,97205,
KURT,,DAVID,MULTNOMAH,8316 N LOMBARD ST  405,,PORTLAND,OR,97203,3727
CARL,,JOHN,MULTNOMAH,1715 NW MARSHALL ST APT 208,,PORTLAND,OR,97209,2427
RICHARD,,ROBERT,MULTNOMAH,204 SW 8TH AVE 612,,PORTLAND,OR,97205,
LENHARDT,,TATYANA,MULTNOMAH,11124 NE HALSEY ST # 496,,PORTLAND,OR,97220,
SHAWN,,EZRA,MULTNOMAH,314 SW 9TH AVE,,PORTLAND,OR,97205,
ARTURO,,SANDRA,MULTNOMAH,1040 SE MORRISON ST,,PORTLAND,OR,97214,
PHILIP,,PATRICK,MULTNOMAH,650 NW IRVING,,PORTLAND,OR,97209,
RICHARD,,CHRISTOPHER,MULTNOMAH,650 NW IRVING ST,,PORTLAND,OR,97209,
STEPHEN,,BRIAN,MULTNOMAH,133 NW 6TH AVE,,PORTLAND,OR,97209,
DAVID,,JAMES,MULTNOMAH,25 NW 23RD PL STE 6369,,PORTLAND,OR,97210,
PATRICIA,,PHILIP,MULTNOMAH,1430 SW BROADWAY STE 200,,PORTLAND,OR,97201,
LORRIE,,JAMES,MULTNOMAH,650 NW IRVING ST,,PORTLAND,OR,97209,
DUANE,,SARAH,MULTNOMAH,2513 N ROSA PARKS WAY APT 4,,PORTLAND,OR,97217,
RICHARD,,BENJAMIN,MULTNOMAH,306 NW EVERETT ST 19,,PORTLAND,OR,97209,3926
DONNA,,DENNIS,MULTNOMAH,650 NW IRVING ST,,PORTLAND,OR,97209,
JESSE,,BRETT,MULTNOMAH,650 NW IRVING ST,,PORTLAND,OR,97209,
ELENA,,KARL,MULTNOMAH,650 NW IRVING ST,,PORTLAND,OR,97214,
ANGELE,,CHARMAYNE,MULTNOMAH,650 NW IRVING ST,,PORTLAND,OR,97209,
KATHERINE,,CYNTHIA,MULTNOMAH,650 NW IRVING ST,,PORTLAND,OR,97209,1272
HEIDI,,ANGELINA,MULTNOMAH,901 SW KING AVE 000,,PORTLAND,OR,97205,
CHRISTOPHER,,BEVERLY,MULTNOMAH,314 SW 9TH AVE,,PORTLAND,OR,97205,
SHARON,,MELANIE,MULTNOMAH,338 NW 6TH AVE,,PORTLAND,OR,97209,
WILLIAM,,LAURA,MULTNOMAH,650 NW IRVING ST,,PORTLAND,OR,97209,
JONATHON,,DAVID,MULTNOMAH,25 NW 23RD PL SUITE 6,,PORTLAND,OR,97210,
OKSANA,,ZACHARY,MULTNOMAH,204 SW 8TH AVE 309,,PORTLAND,OR,97205,
JASIYAH,,JAMES,MULTNOMAH,1926 W BURNSIDE ST 208,,PORTLAND,OR,97209,
KYRA,,MEGHAN JEANNE,MULTNOMAH,924 SW 16TH AVE 101,,PORTLAND,OR,97205,
DERRY,,LENHARDT,MULTNOMAH,950 SW 21ST AVE 204,,PORTLAND,OR,97205,
DAVID,,ROBERT,MULTNOMAH,314 SW 9TH AVE,,PORTLAND,OR,97205,
DOUGLAS,,JOAN,MULTNOMAH,310 NW FLANDERS ST 0000,,PORTLAND,OR,97209,3941
GEORGE,,JANELLE,MULTNOMAH,650 NW IRVING ST,,PORTLAND,OR,97209,
CHARLES,,TAMAM,MULTNOMAH,650 NW IRVING ST,,PORTLAND,OR,97209,1272
STACIE,,DIANA,MULTNOMAH,522 SW 13TH AVE,,PORTLAND,OR,97205,
ERIN,,TIMOTHY,MULTNOMAH,15007 SE POWELL BLVD APT 11,,PORTLAND,OR,97236,
KATHY,,GREG,MULTNOMAH,1717 W BURNSIDE ST 26,,PORTLAND,OR,97209,
TIMOTHY,,NGHIA,MULTNOMAH,310 NW FLANDERS ST,,PORTLAND,OR,97209,
MEGAN,,GEORGIA,MULTNOMAH,1644 SE UMATILLA ST,,PORTLAND,OR,97202,
ROSEMARY,,PAUL,MULTNOMAH,211 NW DAVIS ST,,PORTLAND,OR,97209,
VALISSA,,JULIE,MULTNOMAH,221 NW 5TH AVE 603,,PORTLAND,OR,97209,
BONNIE,,BENJAMIN,MULTNOMAH,522 SW 13TH AVE,,PORTLAND,OR,97205,
BRUCE,,TRACY,MULTNOMAH,650 NW IRVING ST,,PORTLAND,OR,97209,
LAURA,,ROBERTA,MULTNOMAH,111 W BURNSIDE ST,,PORTLAND,OR,97209,
JULIA,,CHERI,MULTNOMAH,735 SW SAINT CLAIR AVE 000,,PORTLAND,OR,97205,
PETER,,KENNETH,MULTNOMAH,650 NW IRVING ST,,PORTLAND,OR,97209,
AARON,,ANDREW,MULTNOMAH,709 NW EVERETT ST,,PORTLAND,OR,97209,
KITONA,,SANDRA,MULTNOMAH,338 NW 6TH AVE,,PORTLAND,OR,97209,
DEVIN,,ANTHONY,MULTNOMAH,1329 SW 14TH AVE 205,,PORTLAND,OR,97201,
GEORGE,,EDWARD,MULTNOMAH,3040 SE 82ND AVE APT 305,,PORTLAND,OR,97266,2024
JAMES,,TROY,MULTNOMAH,1132 SW 13TH AVE,,PORTLAND,OR,97205,
GEORGE,,HAYLEY,MULTNOMAH,1040 SE MORRISON ST,,PORTLAND,OR,97214,
PAUL,,MARY,MULTNOMAH,25 NW 23RD PL STE 6 PMB 260,,PORTLAND,OR,97210,
DONALD,,MELVIN,MULTNOMAH,25 NW 23RD PL STE 6 PMB 260,,PORTLAND,OR,97210,
JASON,,KATHERINE,MULTNOMAH,PMB 183,25 NW 23RD PL STE 6,PORTLAND,OR,97210,5580
RALPH,,TAMAM,MULTNOMAH,25 NW 23RD PL STE 6 PMB 462,,PORTLAND,OR,97210,
JOSHUA,,COLLEEN,MULTNOMAH,855 SW BROADWAY DR 22,,PORTLAND,OR,97201,
LARS,,JOHN,MULTNOMAH,2285 NW FLANDERS ST #301,,PORTLAND,OR,97210,
MATTHEW,,JERRY,MULTNOMAH,310 SW LINCCOLN ST APT 311,,PORTLAND,OR,97201,
MICHELLE,,MAC,MULTNOMAH,25 NW 23RD PL STE 6 PMB 348,,PORTLAND,OR,97210,
ANDREA,,KATHY,MULTNOMAH,4513 NE 18TH AVE,,PORTLAND,OR,97211,
SHANNON,,TIA,MULTNOMAH,1910 SW 18TH AVE 47,,PORTLAND,OR,97201,
CHRISTOPHER,,RENEE,MULTNOMAH,1819 SW 18TH AVE 5,,PORTLAND,OR,97201,
ALAN,,MATTHEW,MULTNOMAH,510 SW 5TH AVE STE 500,,PORTLAND,OR,97204,
JONATHON,,PETER,MULTNOMAH,1205 SW CARDINELL DR #,,PORTLAND,OR,97201,
SUZANNE,,AXEL,MULTNOMAH,1005 SE 14TH AVE AP 201,,PORTLAND,OR,97214,
MATTHEW,,BRANDON,MULTNOMAH,1300 SW 5TH AVE PMB 2815,,PORTLAND,OR,97201,
WALTER,,RUSSELL,MULTNOMAH,1443 SW MONTGOMERY ST 5,,PORTLAND,OR,97201,
SHARON,,THERESA,MULTNOMAH,1435 SE HAIG ST,,PORTLAND,OR,97202,
CHOI,,JAMES,MULTNOMAH,MS 1066   ,3203 SE WOODSTOCK BLVD,PORTLAND,OR,97202,
JOSEPH,,NATALIA,MULTNOMAH,1040 SE MORRISON ST,,PORTLAND,OR,97214,
GREG,,ERIC,MULTNOMAH,707 SW WASHINGTON STREET STE 927,,PORTLAND,OR,97205,
NOEL,,MATTHEW,MULTNOMAH,PO BOX 69232,,PORTLAND,OR,97239,
ROARK,,BENNIE,MULTNOMAH,1300 SW 5TH AVE STE 2815,,PORTLAND,OR,97201,
JEAN-LUC,,NATHAN,MULTNOMAH,1819 SW FIFTH AVE  APT 333,,PORTLAND,OR,97201,5277
CHRIS,,TERRY,MULTNOMAH,1515 SW 5TH AVE STE 600,,PORTLAND,OR,97201,
CAROLYN,,ANTHONY,MULTNOMAH,800 SW BROADWAY,,PORTLAND,OR,97205,
ROBERT,,CHRISTINA,MULTNOMAH,111 SW 5TH AVE # 3500,,PORTLAND,OR,97204,3638
MARTY,,MELISSA,MULTNOMAH,800 SW BROADWAY,,PORTLAND,OR,97205,
MICHAEL,,DAVID,MULTNOMAH,25 NW 23RD PL STE 6,,PORTLAND,OR,97210,
GEORGE,,MARK,MULTNOMAH,823 NE WEBSTER STREET,,PORTLAND,OR,97211,
MARGERY,,RONALD,MULTNOMAH,25 NW 23RD PL PMB#301,,PORTLAND,OR,97210,
CHELSEA,,BRANDI,MULTNOMAH,1300 SW 5TH AVE. #2300,,PORTLAND,OR,97201,
ROSEMARY,,KAREN,MULTNOMAH,1320 SW HALL ST 102,,PORTLAND,OR,97201,
INGHARD,,PHILIP,MULTNOMAH,4927 SE HAIG ST,,PORTLAND,OR,97206,
LARRY,,BRADLEY,MULTNOMAH,2526 SW SAINT HELENS CT 97201,,PORTLAND,OR,97201,
SHARLEEN,,WARREN,MULTNOMAH,1500 SW FIRST AVE STE 800,,PORTLAND,OR,97201,
JAMES,,CARY,MULTNOMAH,23 NW 5TH AVE,,PORTLAND,OR,97209,
JASON,,AARON,MULTNOMAH,650 NW IRVING,,PORTLAND,OR,97209,
MELISSA,,BRIANA,MULTNOMAH,2073 SW PARK AVE 207,,PORTLAND,OR,97201,
LA SHAWN,,ROBERT,MULTNOMAH,1825 SW BROADWAY DR,,PORTLAND,OR,97201,
WILLIAM,,ERIK,MULTNOMAH,1819 SW 5TH AVE UNIT 5 PMB 211,,PORTLAND,OR,97201,
PATRICK,,GEORGE,MULTNOMAH,1957 W BURNSIDE ST APT 1509,,PORTLAND,OR,97209,
AMBER,,FRANCISCO,MULTNOMAH,2941 NE AINSWORTH ST,,PORTLAND,OR,97211,6749
JOSEPH,,CRYSTAL,MULTNOMAH,1422 SW HALL ST 1,,PORTLAND,OR,97201,
SAM,,CHRISTOPHER,MULTNOMAH,1836 SW CABLE AVE 4,,PORTLAND,OR,97201,
DARIN,,FRANK,MULTNOMAH,1803 SW CABLE AVE LOWR,,PORTLAND,OR,97201,
PETER,,CHRISTINA,MULTNOMAH,1211 SW 5TH AVE STE 2340,,PORTLAND,OR,97204,
ROBERT,,EVAN,MULTNOMAH,1300 SW 5TH AVE STE 2815,,PORTLAND,OR,97201,
DONALD,,KRISTI,MULTNOMAH,2425 SW 19TH AVE 10,,PORTLAND,OR,97201,
COHEN,,ALEX,MULTNOMAH,2155 NW EVERETT ST,,PORTLAND,OR,97210,
CLARISSA,,RICK,MULTNOMAH,1974 SE HEMLOCK AVE,,PORTLAND,OR,97214,
JUSTINE,,MATTHEW,MULTNOMAH,1333 SW COLLEGE ST 4,,PORTLAND,OR,97201,
RYAN,,AMANDA,MULTNOMAH,25 NW 23RD PL STE 6 PMB 183,,PORTLAND,OR,97210,
DANA,,JESSICA,MULTNOMAH,2314 SW VISTA AVE D,,PORTLAND,OR,97201,
KATHLEEN,,MCCARTNEY,MULTNOMAH,1931 SW 14TH AVE 1,,PORTLAND,OR,97201,
JAKE,,JAMES,MULTNOMAH,2737 SE 21ST AVE,,PORTLAND,OR,97202,
STEVEN,,LAURA,MULTNOMAH,1021 SW 4TH AVE,,PORTLAND,OR,97204,
BRETT,,ALEXANDER,MULTNOMAH,501 N GRAHAM ST STE 220,,PORTLAND,OR,97227,2014
LUKE,,LORI,MULTNOMAH,900 SW 13TH AVE,,PORTLAND,OR,97205,1707
ARYN,,JAMES,MULTNOMAH,25 NW 23RD PL STE 6 PMB 476,,PORTLAND,OR,97210,
DONALD,,BENJAMIN,MULTNOMAH,2655 N WATTS ST,,PORTLAND,OR,97217,
RONALD,,GRETCHEN,MULTNOMAH,PO BOX 11155,,PORTLAND,OR,97211,
KARL,,BRIDGET,MULTNOMAH,2756 NW 132ND AVE,,PORTLAND,OR,97229,
SHANA,,ARDEN,MULTNOMAH,855 SW BROADWAY DR 24,,PORTLAND,OR,97201,
BATTLE,,DARRELL,MULTNOMAH,1719 SW 16TH AVE 000,,PORTLAND,OR,97201,2582
ANDREW,,HILARY,MULTNOMAH,1505 SW HALL ST A,,PORTLAND,OR,97201,
HEATHER,,KEVIN,MULTNOMAH,314 NW 5TH AVE APT 201,,PORTLAND,OR,97209,
JOSHUA,,ELIZABETH,MULTNOMAH,PHOEBE FENG ,1205 SW CARDINELL DR 508 ,PORTLAND,OR,97201,
WALTER,,ROGER,MULTNOMAH,707 SW WASHINGTON STREET STE 927,,PORTLAND,OR,97205,
ROBERT,,SHARON,MULTNOMAH,25 NW 23RD PL STE 6,,PORTLAND,OR,97210,
BECKY,,KYRA,MULTNOMAH,25 NW 23RD PL STE 6 PMB 315,,PORTLAND,OR,97210,5599
TERENCE,,CALIN,MULTNOMAH,3300 NW 185TH AVE # 95,,PORTLAND,OR,97229,
EARL,,LENHARDT,MULTNOMAH,818 SW 3RD AVE PMB 267,,PORTLAND,OR,97204,
ROBERTA,,GINGER,MULTNOMAH,1819 SW FIFTH AVE  APT 333,,PORTLAND,OR,97201,
PATRICK,,SCOTT,MULTNOMAH,1910 SW 18TH AVE 22,,PORTLAND,OR,97201,
SHERRY,,LEEANN,MULTNOMAH,8448 NE 33RD DR  200,,PORTLAND,OR,97211,
DIANA,,MCCARTNEY,MULTNOMAH,25 NW 23RD PL STE 6 MSC 128,,PORTLAND,OR,97210,
JEFFREY,,MARCIANNA,MULTNOMAH,1803 SW CABLE AVE LWR,,PORTLAND,OR,97201,
MARIANNE,,EDUARDO,MULTNOMAH,111 SW HARRISON ST APT 16D,,PORTLAND,OR,97201,
JEFFREY,,STEVEN,MULTNOMAH,25 NW 23RD PL STE 6 PMB 505,,PORTLAND,OR,97210,
ELLEN,,BONNIE,MULTNOMAH,3032 SW FLORIDA CT 0000,,PORTLAND,OR,97219,1870
JOAN,,PEDER,MULTNOMAH,7410 SW OLESON RD APT 123,,PORTLAND,OR,97223,7475
DOREATHA,,BETTY,MULTNOMAH,6803 SW 15TH AVE,,PORTLAND,OR,97219,2028
AMANDA,,RICHARD,MULTNOMAH,7740 SW 45TH AVE 26,,PORTLAND,OR,97219,
JESS,,CHRISTOPHER,MULTNOMAH,7720 SW 45TH AVE 13,,PORTLAND,OR,97219,
CYNTHIA,,GLENN,MULTNOMAH,6312 SW CAPITOL HWY PMB 102,,PORTLAND,OR,97239,
JACOB,,NICOLE,MULTNOMAH,0615 SW PALATINE HILL RD MSC #535,,PORTLAND,OR,97219,
ANNABELLE,,WILSON,MULTNOMAH,3535 SW MULTNOMAH BLVD APT 146,,PORTLAND,OR,97219,3761
FRANK,,MARIA,MULTNOMAH,6312 SW CAPITOL HWY PMB 188,,PORTLAND,OR,97239,
ALEXANDER,,STEPHEN,MULTNOMAH,919 NE 19TH AVE STE 100,,PORTLAND,OR,97232,
DONNA,,ANNE,MULTNOMAH,9166 SW 91ST AVE APT 31,,PORTLAND,OR,97223,7002
ARDIJANA,,JULIA,MULTNOMAH,3605 SW TROY ST 102,,PORTLAND,OR,97219,1686
MONICA,,GREGORY,MULTNOMAH,6663 SW BEAVERTON HILLSDALE HWY #77,,PORTLAND,OR,97225,
SVEN,,DIANA,MULTNOMAH,6918 SW 33RD AVE FRNT,,PORTLAND,OR,97219,1848
ROSEMARY,,JOHN,MULTNOMAH,6663 SW BEAVERTON HILLSDALE HWY PMB 265,,PORTLAND,OR,97225,
JO ANNA,,LINDSAY,MULTNOMAH,2802 SW BEAVERTON HILLSDALE HWY 1,,PORTLAND,OR,97239,
COLLEEN,,AWALE,MULTNOMAH,9220 SW BARBUR BLVD # 119-311,,PORTLAND,OR,97219,
SKYLER,,MELANIE,MULTNOMAH,6404 SW 30TH AVE 52,,PORTLAND,OR,97239,
JESSICA,,DIANA,MULTNOMAH,3807 NE CLEVELAND AVE,,PORTLAND,OR,97212,
TERRY,,WALLACE,MULTNOMAH,6918 SW 33RD AVE FRNT,,PORTLAND,OR,97219,1848
MARIE,,WILLIAM,MULTNOMAH,3535 SW MULTNOMAH BLVD APT 146,,PORTLAND,OR,97219,3761
DONNA,,CANNON,MULTNOMAH,PMB 314,7410 SW OLESON RD,PORTLAND,OR,97223,
QUANDRE,,ARTHUR,MULTNOMAH,1844 SW MORRISON ST,,PORTLAND,OR,97205,
KELLY,,CYNTHIA,MULTNOMAH,1819 SW 5TH AVE PMB 157,,PORTLAND,OR,97201,
JEREMY,,MICHAEL,MULTNOMAH,2105 NE EVERETT ST APT 2,,PORTLAND,OR,97232,
JOSEPH,,JOSEPH,MULTNOMAH,3110 SW DOLPH COURT,,PORTLAND,OR,97219,
